"","pACN001_B","working_name","Percent_hit"
"ESC_AA7971AA_AS",16166,"ESC_AA7971AA_AS",10
"ESC_AA9421AA_AS",67009,"ESC_AA9421AA_AS",40
"ESC_BA0967AA_AS",24406,"ESC_BA0967AA_AS",14
"ESC_BA1000AA_AS",14456,"ESC_BA1000AA_AS",9
"ESC_BA1242AA_AS",6947,"ESC_BA1242AA_AS",4
"ESC_BA1451AA_AS",13123,"ESC_BA1451AA_AS",8
"ESC_BA2267AA_AS",23681,"ESC_BA2267AA_AS",14
"ESC_BA2574AA_AS",14196,"ESC_BA2574AA_AS",8
"ESC_BA3061AA_AS",8005,"ESC_BA3061AA_AS",5
"ESC_BA3227AA_AS",6947,"ESC_BA3227AA_AS",4
"ESC_BA3967AA_AS",6947,"ESC_BA3967AA_AS",4
"ESC_BA4108AA_AS",94671,"ESC_BA4108AA_AS",56
"ESC_BA4389AA_AS",62427,"ESC_BA4389AA_AS",37
"ESC_BA5185AA_AS",14211,"ESC_BA5185AA_AS",8
"ESC_BA5541AA_AS",23675,"ESC_BA5541AA_AS",14
"ESC_BA6731AA_AS",13123,"ESC_BA6731AA_AS",8
"ESC_BA7454AA_AS",12922,"ESC_BA7454AA_AS",8
"ESC_BA7761AA_AS",23675,"ESC_BA7761AA_AS",14
"ESC_BA8039AA_AS",84899,"ESC_BA8039AA_AS",50
"ESC_BA8085AA_AS",68838,"ESC_BA8085AA_AS",41
"ESC_BA8137AA_AS",63678,"ESC_BA8137AA_AS",38
"ESC_BA8190AA_AS",68507,"ESC_BA8190AA_AS",41
"ESC_BA8258AA_AS",14541,"ESC_BA8258AA_AS",9
"ESC_BA8511AA_AS",67781,"ESC_BA8511AA_AS",40
"ESC_CA0637AA_AS",23325,"ESC_CA0637AA_AS",14
"ESC_CA0677AA_AS",16326,"ESC_CA0677AA_AS",10
"ESC_CA0894AA_AS",22738,"ESC_CA0894AA_AS",13
"ESC_CA0987AA_AS",6213,"ESC_CA0987AA_AS",4
"ESC_CA1134AA_AS",17377,"ESC_CA1134AA_AS",10
"ESC_CA1554AA_AS",65611,"ESC_CA1554AA_AS",39
"ESC_CA2031AA_AS",59700,"ESC_CA2031AA_AS",35
"ESC_CA2085AA_AS",54552,"ESC_CA2085AA_AS",32
"ESC_CA2243AA_AS",20346,"ESC_CA2243AA_AS",12
"ESC_CA2638AA_AS",56790,"ESC_CA2638AA_AS",34
"ESC_CA2654AA_AS",8170,"ESC_CA2654AA_AS",5
"ESC_CA2708AA_AS",79320,"ESC_CA2708AA_AS",47
"ESC_CA2713AA_AS",16720,"ESC_CA2713AA_AS",10
"ESC_CA2823AA_AS",15877,"ESC_CA2823AA_AS",9
"ESC_CA3069AA_AS",68166,"ESC_CA3069AA_AS",40
"ESC_CA3085AA_AS",26534,"ESC_CA3085AA_AS",16
"ESC_CA3089AA_AS",60154,"ESC_CA3089AA_AS",36
"ESC_CA3176AA_AS",14541,"ESC_CA3176AA_AS",9
"ESC_CA3553AA_AS",78779,"ESC_CA3553AA_AS",47
"ESC_CA3698AA_AS",54164,"ESC_CA3698AA_AS",32
"ESC_CA4056AA_AS",69374,"ESC_CA4056AA_AS",41
"ESC_CA4172AA_AS",59918,"ESC_CA4172AA_AS",36
"ESC_CA4203AA_AS",60850,"ESC_CA4203AA_AS",36
"ESC_CA4416AA_AS",66790,"ESC_CA4416AA_AS",40
"ESC_CA4774AA_AS",17412,"ESC_CA4774AA_AS",10
"ESC_CA4830AA_AS",14456,"ESC_CA4830AA_AS",9
"ESC_CA4887AA_AS",69201,"ESC_CA4887AA_AS",41
"ESC_CA4893AA_AS",93117,"ESC_CA4893AA_AS",55
"ESC_CA5088AA_AS",14541,"ESC_CA5088AA_AS",9
"ESC_CA5131AA_AS",63388,"ESC_CA5131AA_AS",38
"ESC_CA5222AA_AS",66795,"ESC_CA5222AA_AS",40
"ESC_CA5420AA_AS",14302,"ESC_CA5420AA_AS",8
"ESC_CA5467AA_AS",61200,"ESC_CA5467AA_AS",36
"ESC_CA5548AA_AS",61543,"ESC_CA5548AA_AS",37
"ESC_CA5584AA_AS",61531,"ESC_CA5584AA_AS",37
"ESC_CA5697AA_AS",68891,"ESC_CA5697AA_AS",41
"ESC_CA5710AA_AS",68193,"ESC_CA5710AA_AS",40
"ESC_CA5916AA_AS",39600,"ESC_CA5916AA_AS",23
"ESC_CA5933AA_AS",65364,"ESC_CA5933AA_AS",39
"ESC_CA6119AA_AS",70351,"ESC_CA6119AA_AS",42
"ESC_CA6132AA_AS",14244,"ESC_CA6132AA_AS",8
"ESC_CA6171AA_AS",24813,"ESC_CA6171AA_AS",15
"ESC_CA6221AA_AS",67482,"ESC_CA6221AA_AS",40
"ESC_CA6245AA_AS",67946,"ESC_CA6245AA_AS",40
"ESC_CA6287AA_AS",65882,"ESC_CA6287AA_AS",39
"ESC_CA6295AA_AS",23760,"ESC_CA6295AA_AS",14
"ESC_CA6692AA_AS",23759,"ESC_CA6692AA_AS",14
"ESC_CA6770AA_AS",62724,"ESC_CA6770AA_AS",37
"ESC_CB2269AA_AS",11040,"ESC_CB2269AA_AS",7
"ESC_CB2297AA_AS",14456,"ESC_CB2297AA_AS",9
"ESC_CB2309AA_AS",20172,"ESC_CB2309AA_AS",12
"ESC_CB2317AA_AS",60341,"ESC_CB2317AA_AS",36
"ESC_CB2345AA_AS",15454,"ESC_CB2345AA_AS",9
"ESC_CB2384AA_AS",60464,"ESC_CB2384AA_AS",36
"ESC_CB2447AA_AS",61748,"ESC_CB2447AA_AS",37
"ESC_CB2459AA_AS",62138,"ESC_CB2459AA_AS",37
"ESC_CB7223AA_AS",64839,"ESC_CB7223AA_AS",38
"ESC_CB8726AA_AS",22160,"ESC_CB8726AA_AS",13
"ESC_CB8729AA_AS",67172,"ESC_CB8729AA_AS",40
"ESC_CB8822AA_AS",60921,"ESC_CB8822AA_AS",36
"ESC_CB8832AA_AS",22250,"ESC_CB8832AA_AS",13
"ESC_CB8888AA_AS",84893,"ESC_CB8888AA_AS",50
"ESC_CB8931AA_AS",87279,"ESC_CB8931AA_AS",52
"ESC_CB9097AA_AS",69299,"ESC_CB9097AA_AS",41
"ESC_CB9169AA_AS",23583,"ESC_CB9169AA_AS",14
"ESC_FA1638AA_AS",51460,"ESC_FA1638AA_AS",31
"ESC_FA6906AA_AS",25254,"ESC_FA6906AA_AS",15
"ESC_FA6908AA_AS",13933,"ESC_FA6908AA_AS",8
"ESC_FA7190AA_AS",60237,"ESC_FA7190AA_AS",36
"ESC_FA8050AA_AS",21566,"ESC_FA8050AA_AS",13
"ESC_FB3739AA_AS",30874,"ESC_FB3739AA_AS",18
"ESC_FB7924AA_AS",40714,"ESC_FB7924AA_AS",24
"ESC_FB9215AA_AS",95171,"ESC_FB9215AA_AS",56
"ESC_FB9587AA_AS",58313,"ESC_FB9587AA_AS",35
"ESC_FB9640AA_AS",48053,"ESC_FB9640AA_AS",29
"ESC_FB9641AA_AS",16166,"ESC_FB9641AA_AS",10
"ESC_FB9675AA_AS",12304,"ESC_FB9675AA_AS",7
"ESC_FB9847AA_AS",14255,"ESC_FB9847AA_AS",8
"ESC_GA5350AA_AS",65808,"ESC_GA5350AA_AS",39
"ESC_GA5351AA_AS",17990,"ESC_GA5351AA_AS",11
"ESC_GA8819AA_AS",10488,"ESC_GA8819AA_AS",6
"ESC_GA8857AA_AS",59828,"ESC_GA8857AA_AS",35
"ESC_GA9224AA_AS",23731,"ESC_GA9224AA_AS",14
"ESC_GA9272AA_AS",14363,"ESC_GA9272AA_AS",9
"ESC_GB3527AA_AS",85666,"ESC_GB3527AA_AS",51
"ESC_GB3799AA_AS",15871,"ESC_GB3799AA_AS",9
"ESC_GB3897AA_AS",24813,"ESC_GB3897AA_AS",15
"ESC_GB3934AA_AS",13933,"ESC_GB3934AA_AS",8
"ESC_GB5978AA_AS",12979,"ESC_GB5978AA_AS",8
"ESC_GB6068AA_AS",23474,"ESC_GB6068AA_AS",14
"ESC_GB6087AA_AS",145859,"ESC_GB6087AA_AS",87
"ESC_GB6457AA_AS",63355,"ESC_GB6457AA_AS",38
"ESC_GB6463AA_AS",93993,"ESC_GB6463AA_AS",56
"ESC_GB6540AA_AS",65443,"ESC_GB6540AA_AS",39
"ESC_GB6614AA_AS",14374,"ESC_GB6614AA_AS",9
"ESC_GB6618AA_AS",62464,"ESC_GB6618AA_AS",37
"ESC_GB6690AA_AS",14541,"ESC_GB6690AA_AS",9
"ESC_GB6695AA_AS",35057,"ESC_GB6695AA_AS",21
"ESC_GB6696AA_AS",14290,"ESC_GB6696AA_AS",8
"ESC_GB6889AA_AS",68803,"ESC_GB6889AA_AS",41
"ESC_GB6892AA_AS",49544,"ESC_GB6892AA_AS",29
"ESC_GB6898AA_AS",8518,"ESC_GB6898AA_AS",5
"ESC_GB6899AA_AS",63867,"ESC_GB6899AA_AS",38
"ESC_GB6901AA_AS",68473,"ESC_GB6901AA_AS",41
"ESC_GB6906AA_AS",23759,"ESC_GB6906AA_AS",14
"ESC_GB6943AA_AS",67987,"ESC_GB6943AA_AS",40
"ESC_GB6953AA_AS",14409,"ESC_GB6953AA_AS",9
"ESC_GB9758AA_AS",58313,"ESC_GB9758AA_AS",35
"ESC_GB9956AA_AS",21281,"ESC_GB9956AA_AS",13
"ESC_HA0198AA_AS",13933,"ESC_HA0198AA_AS",8
"ESC_HA0238AA_AS",24813,"ESC_HA0238AA_AS",15
"ESC_HA0246AA_AS",14237,"ESC_HA0246AA_AS",8
"ESC_HA0364AA_AS",66545,"ESC_HA0364AA_AS",39
"ESC_HA0689AA_AS",23759,"ESC_HA0689AA_AS",14
"ESC_HA1968AA_AS",66625,"ESC_HA1968AA_AS",40
"ESC_HA2055AA_AS",14203,"ESC_HA2055AA_AS",8
"ESC_HA4979AA_AS",65272,"ESC_HA4979AA_AS",39
"ESC_HA5006AA_AS",69843,"ESC_HA5006AA_AS",41
"ESC_HA5023AA_AS",68721,"ESC_HA5023AA_AS",41
"ESC_HA5031AA_AS",17990,"ESC_HA5031AA_AS",11
"ESC_HA5037AA_AS",48603,"ESC_HA5037AA_AS",29
"ESC_HA5043AA_AS",14255,"ESC_HA5043AA_AS",8
"ESC_HA5076AA_AS",68147,"ESC_HA5076AA_AS",40
"ESC_HA5094AA_AS",14255,"ESC_HA5094AA_AS",8
"ESC_HA5098AA_AS",14255,"ESC_HA5098AA_AS",8
"ESC_HA5111AA_AS",70568,"ESC_HA5111AA_AS",42
"ESC_HA5117AA_AS",14255,"ESC_HA5117AA_AS",8
"ESC_HA5121AA_AS",11328,"ESC_HA5121AA_AS",7
"ESC_HA5136AA_AS",13207,"ESC_HA5136AA_AS",8
"ESC_HA5149AA_AS",60885,"ESC_HA5149AA_AS",36
"ESC_HA5153AA_AS",63077,"ESC_HA5153AA_AS",37
"ESC_HA5174AA_AS",62446,"ESC_HA5174AA_AS",37
"ESC_HA5557AA_AS",23980,"ESC_HA5557AA_AS",14
"ESC_HA5565AA_AS",23973,"ESC_HA5565AA_AS",14
"ESC_HA5568AA_AS",23980,"ESC_HA5568AA_AS",14
"ESC_HA5570AA_AS",93919,"ESC_HA5570AA_AS",56
"ESC_HA5572AA_AS",23980,"ESC_HA5572AA_AS",14
"ESC_HA5579AA_AS",24813,"ESC_HA5579AA_AS",15
"ESC_HA5580AA_AS",24813,"ESC_HA5580AA_AS",15
"ESC_HA5591AA_AS",7620,"ESC_HA5591AA_AS",5
"ESC_HA5615AA_AS",68772,"ESC_HA5615AA_AS",41
"ESC_HA5663AA_AS",68755,"ESC_HA5663AA_AS",41
"ESC_HA5665AA_AS",19430,"ESC_HA5665AA_AS",12
"ESC_HA5683AA_AS",13244,"ESC_HA5683AA_AS",8
"ESC_HA5800AA_AS",71250,"ESC_HA5800AA_AS",42
"ESC_HA6332AA_AS",161388,"ESC_HA6332AA_AS",96
"ESC_HA6342AA_AS",61461,"ESC_HA6342AA_AS",36
"ESC_HA6411AA_AS",67379,"ESC_HA6411AA_AS",40
"ESC_HA6413AA_AS",62140,"ESC_HA6413AA_AS",37
"ESC_HA6418AA_AS",61669,"ESC_HA6418AA_AS",37
"ESC_HA6420AA_AS",69527,"ESC_HA6420AA_AS",41
"ESC_HA7812AA_AS",146582,"ESC_HA7812AA_AS",87
"ESC_HA7918AA_AS",22250,"ESC_HA7918AA_AS",13
"ESC_HA7931AA_AS",52995,"ESC_HA7931AA_AS",31
"ESC_HA8230AA_AS",12061,"ESC_HA8230AA_AS",7
"ESC_HA8271AA_AS",6947,"ESC_HA8271AA_AS",4
"ESC_HA8279AA_AS",14255,"ESC_HA8279AA_AS",8
"ESC_HA8369AA_AS",76514,"ESC_HA8369AA_AS",45
"ESC_HA8540AA_AS",68763,"ESC_HA8540AA_AS",41
"ESC_HA9073AA_AS",54755,"ESC_HA9073AA_AS",32
"ESC_HB0486AA_AS",15243,"ESC_HB0486AA_AS",9
"ESC_HB8007AA_AS",61180,"ESC_HB8007AA_AS",36
"ESC_HB8577AA_AS",91521,"ESC_HB8577AA_AS",54
"ESC_IA0801AA_AS",13098,"ESC_IA0801AA_AS",8
"ESC_IA0804AA_AS",70295,"ESC_IA0804AA_AS",42
"ESC_IA0811AA_AS",63158,"ESC_IA0811AA_AS",37
"ESC_IA0816AA_AS",14154,"ESC_IA0816AA_AS",8
"ESC_IA1449AA_AS",14541,"ESC_IA1449AA_AS",9
"ESC_IA2216AA_AS",14255,"ESC_IA2216AA_AS",8
"ESC_IA2220AA_AS",67724,"ESC_IA2220AA_AS",40
"ESC_IA2221AA_AS",14255,"ESC_IA2221AA_AS",8
"ESC_IA2225AA_AS",14123,"ESC_IA2225AA_AS",8
"ESC_IA2226AA_AS",14123,"ESC_IA2226AA_AS",8
"ESC_IA2233AA_AS",69015,"ESC_IA2233AA_AS",41
"ESC_IA2239AA_AS",6947,"ESC_IA2239AA_AS",4
"ESC_IA2257AA_AS",68203,"ESC_IA2257AA_AS",40
"ESC_IA2262AA_AS",14110,"ESC_IA2262AA_AS",8
"ESC_IA2264AA_AS",14255,"ESC_IA2264AA_AS",8
"ESC_IA2269AA_AS",66992,"ESC_IA2269AA_AS",40
"ESC_IB6001AA_AS",61131,"ESC_IB6001AA_AS",36
"ESC_IB6595AA_AS",14255,"ESC_IB6595AA_AS",8
"ESC_IB6619AA_AS",66976,"ESC_IB6619AA_AS",40
"ESC_IB6797AA_AS",57464,"ESC_IB6797AA_AS",34
"ESC_IB7362AA_AS",14540,"ESC_IB7362AA_AS",9
"ESC_IB7375AA_AS",59074,"ESC_IB7375AA_AS",35
"ESC_IB7386AA_AS",50097,"ESC_IB7386AA_AS",30
"ESC_IB7413AA_AS",64378,"ESC_IB7413AA_AS",38
"ESC_IB7420AA_AS",24813,"ESC_IB7420AA_AS",15
"ESC_IB7431AA_AS",14541,"ESC_IB7431AA_AS",9
"ESC_IB7433AA_AS",14541,"ESC_IB7433AA_AS",9
"ESC_IB7438AA_AS",17990,"ESC_IB7438AA_AS",11
"ESC_IB7443AA_AS",92814,"ESC_IB7443AA_AS",55
"ESC_IB7449AA_AS",24440,"ESC_IB7449AA_AS",15
"ESC_IB7459AA_AS",14255,"ESC_IB7459AA_AS",8
"ESC_IB7463AA_AS",16657,"ESC_IB7463AA_AS",10
"ESC_IB7465AA_AS",84388,"ESC_IB7465AA_AS",50
"ESC_IB7469AA_AS",12949,"ESC_IB7469AA_AS",8
"ESC_IB7473AA_AS",14541,"ESC_IB7473AA_AS",9
"ESC_IB7486AA_AS",23474,"ESC_IB7486AA_AS",14
"ESC_IB7490AA_AS",14041,"ESC_IB7490AA_AS",8
"ESC_IB7499AA_AS",17020,"ESC_IB7499AA_AS",10
"ESC_IB7516AA_AS",59327,"ESC_IB7516AA_AS",35
"ESC_IB7517AA_AS",15190,"ESC_IB7517AA_AS",9
"ESC_IB7519AA_AS",23474,"ESC_IB7519AA_AS",14
"ESC_IB7523AA_AS",14541,"ESC_IB7523AA_AS",9
"ESC_IB7528AA_AS",14541,"ESC_IB7528AA_AS",9
"ESC_IB7529AA_AS",79118,"ESC_IB7529AA_AS",47
"ESC_IB7531AA_AS",14541,"ESC_IB7531AA_AS",9
"ESC_IB7532AA_AS",14541,"ESC_IB7532AA_AS",9
"ESC_IB7542AA_AS",14255,"ESC_IB7542AA_AS",8
"ESC_IB7548AA_AS",14541,"ESC_IB7548AA_AS",9
"ESC_IB7561AA_AS",6947,"ESC_IB7561AA_AS",4
"ESC_IB7571AA_AS",161736,"ESC_IB7571AA_AS",96
"ESC_IB7572AA_AS",14541,"ESC_IB7572AA_AS",9
"ESC_IB7574AA_AS",14541,"ESC_IB7574AA_AS",9
"ESC_IB7576AA_AS",25254,"ESC_IB7576AA_AS",15
"ESC_IB7582AA_AS",23474,"ESC_IB7582AA_AS",14
"ESC_IB7591AA_AS",14650,"ESC_IB7591AA_AS",9
"ESC_IB7597AA_AS",36039,"ESC_IB7597AA_AS",21
"ESC_IB7604AA_AS",23474,"ESC_IB7604AA_AS",14
"ESC_IB7609AA_AS",14541,"ESC_IB7609AA_AS",9
"ESC_IB7611AA_AS",23675,"ESC_IB7611AA_AS",14
"ESC_IB7615AA_AS",14541,"ESC_IB7615AA_AS",9
"ESC_IB7625AA_AS",77494,"ESC_IB7625AA_AS",46
"ESC_IB7630AA_AS",14541,"ESC_IB7630AA_AS",9
"ESC_IB7632AA_AS",24813,"ESC_IB7632AA_AS",15
"ESC_IB7635AA_AS",23474,"ESC_IB7635AA_AS",14
"ESC_IB7639AA_AS",61134,"ESC_IB7639AA_AS",36
"ESC_IB7649AA_AS",14541,"ESC_IB7649AA_AS",9
"ESC_IB7656AA_AS",14456,"ESC_IB7656AA_AS",9
"ESC_IB7668AA_AS",14541,"ESC_IB7668AA_AS",9
"ESC_IB7669AA_AS",23760,"ESC_IB7669AA_AS",14
"ESC_IB7673AA_AS",25254,"ESC_IB7673AA_AS",15
"ESC_IB7676AA_AS",14541,"ESC_IB7676AA_AS",9
"ESC_IB7682AA_AS",14541,"ESC_IB7682AA_AS",9
"ESC_IB7683AA_AS",5529,"ESC_IB7683AA_AS",3
"ESC_IB7686AA_AS",14456,"ESC_IB7686AA_AS",9
"ESC_IB7693AA_AS",20216,"ESC_IB7693AA_AS",12
"ESC_IB7708AA_AS",14541,"ESC_IB7708AA_AS",9
"ESC_IB7712AA_AS",59558,"ESC_IB7712AA_AS",35
"ESC_IB7713AA_AS",15872,"ESC_IB7713AA_AS",9
"ESC_IB7718AA_AS",12062,"ESC_IB7718AA_AS",7
"ESC_IB7720AA_AS",24813,"ESC_IB7720AA_AS",15
"ESC_IB7723AA_AS",92931,"ESC_IB7723AA_AS",55
"ESC_IB7726AA_AS",66075,"ESC_IB7726AA_AS",39
"ESC_IB7731AA_AS",25071,"ESC_IB7731AA_AS",15
"ESC_IB7732AA_AS",62829,"ESC_IB7732AA_AS",37
"ESC_IB7738AA_AS",14541,"ESC_IB7738AA_AS",9
"ESC_IB7742AA_AS",14255,"ESC_IB7742AA_AS",8
"ESC_IB7745AA_AS",63564,"ESC_IB7745AA_AS",38
"ESC_IB8255AA_AS",14255,"ESC_IB8255AA_AS",8
"ESC_IB8355AA_AS",24813,"ESC_IB8355AA_AS",15
"ESC_IB9074AA_AS",15595,"ESC_IB9074AA_AS",9
"ESC_JA3774AA_AS",79309,"ESC_JA3774AA_AS",47
"ESC_JA3853AA_AS",61596,"ESC_JA3853AA_AS",37
"ESC_JA3948AA_AS",66564,"ESC_JA3948AA_AS",39
"ESC_JA4010AA_AS",61464,"ESC_JA4010AA_AS",36
"ESC_JA4488AA_AS",77917,"ESC_JA4488AA_AS",46
"ESC_JA4566AA_AS",62279,"ESC_JA4566AA_AS",37
"ESC_JA4581AA_AS",61117,"ESC_JA4581AA_AS",36
"ESC_JA4609AA_AS",78467,"ESC_JA4609AA_AS",47
"ESC_JA4751AA_AS",60688,"ESC_JA4751AA_AS",36
"ESC_JA4785AA_AS",63469,"ESC_JA4785AA_AS",38
"ESC_JA5133AA_AS",65632,"ESC_JA5133AA_AS",39
"ESC_JA7639AA_AS",65714,"ESC_JA7639AA_AS",39
"ESC_JA8124AA_AS",64702,"ESC_JA8124AA_AS",38
"ESC_JA8284AA_AS",59530,"ESC_JA8284AA_AS",35
"ESC_JA8368AA_AS",60623,"ESC_JA8368AA_AS",36
"ESC_JA9326AA_AS",4601,"ESC_JA9326AA_AS",3
"ESC_JA9945AA_AS",56191,"ESC_JA9945AA_AS",33
"ESC_JB5829AA_AS",14541,"ESC_JB5829AA_AS",9
"ESC_JB8253AA_AS",58276,"ESC_JB8253AA_AS",35
"ESC_JB8357AA_AS",66121,"ESC_JB8357AA_AS",39
"ESC_JB8358AA_AS",69147,"ESC_JB8358AA_AS",41
"ESC_JB8359AA_AS",164461,"ESC_JB8359AA_AS",98
"ESC_JB9522AA_AS",97126,"ESC_JB9522AA_AS",58
"ESC_JB9585AA_AS",164779,"ESC_JB9585AA_AS",98
"ESC_KA0604AA_AS",60396,"ESC_KA0604AA_AS",36
"ESC_KA0652AA_AS",6323,"ESC_KA0652AA_AS",4
"ESC_KA0889AA_AS",14239,"ESC_KA0889AA_AS",8
"ESC_KA1451AA_AS",61217,"ESC_KA1451AA_AS",36
"ESC_KA1594AA_AS",60507,"ESC_KA1594AA_AS",36
"ESC_KA3859AA_AS",7995,"ESC_KA3859AA_AS",5
"ESC_KA4244AA_AS",62277,"ESC_KA4244AA_AS",37
"ESC_KA4597AA_AS",66652,"ESC_KA4597AA_AS",40
"ESC_KA4607AA_AS",66784,"ESC_KA4607AA_AS",40
"ESC_KA6867AA_AS",62195,"ESC_KA6867AA_AS",37
"ESC_KA9265AA_AS",79357,"ESC_KA9265AA_AS",47
"ESC_KA9267AA_AS",79000,"ESC_KA9267AA_AS",47
"ESC_KA9324AA_AS",79959,"ESC_KA9324AA_AS",47
"ESC_KA9597AA_AS",78465,"ESC_KA9597AA_AS",47
"ESC_KA9598AA_AS",78785,"ESC_KA9598AA_AS",47
"ESC_KB3273AA_AS",142686,"ESC_KB3273AA_AS",85
"ESC_KB3274AA_AS",145833,"ESC_KB3274AA_AS",87
"ESC_KB3275AA_AS",142113,"ESC_KB3275AA_AS",84
"ESC_KB3276AA_AS",144741,"ESC_KB3276AA_AS",86
"ESC_KB3279AA_AS",144823,"ESC_KB3279AA_AS",86
"ESC_KB3281AA_AS",65059,"ESC_KB3281AA_AS",39
"ESC_KB3352AA_AS",146152,"ESC_KB3352AA_AS",87
"ESC_KB3369AA_AS",140998,"ESC_KB3369AA_AS",84
"ESC_KB3395AA_AS",75456,"ESC_KB3395AA_AS",45
"ESC_KB3408AA_AS",68260,"ESC_KB3408AA_AS",41
"ESC_KB3427AA_AS",141194,"ESC_KB3427AA_AS",84
"ESC_KB3428AA_AS",146281,"ESC_KB3428AA_AS",87
"ESC_KB3527AA_AS",111528,"ESC_KB3527AA_AS",66
"ESC_KB3783AA_AS",60652,"ESC_KB3783AA_AS",36
"ESC_KB3935AA_AS",61902,"ESC_KB3935AA_AS",37
"ESC_KB3958AA_AS",68377,"ESC_KB3958AA_AS",41
"ESC_KB3963AA_AS",139022,"ESC_KB3963AA_AS",82
"ESC_KB3965AA_AS",146390,"ESC_KB3965AA_AS",87
"ESC_KB3979AA_AS",64636,"ESC_KB3979AA_AS",38
"ESC_KB3986AA_AS",50138,"ESC_KB3986AA_AS",30
"ESC_KB4003AA_AS",148896,"ESC_KB4003AA_AS",88
"ESC_KB4030AA_AS",66311,"ESC_KB4030AA_AS",39
"ESC_KB4123AA_AS",150797,"ESC_KB4123AA_AS",89
"ESC_KB4146AA_AS",53331,"ESC_KB4146AA_AS",32
"ESC_KB4162AA_AS",144929,"ESC_KB4162AA_AS",86
"ESC_KB4192AA_AS",61072,"ESC_KB4192AA_AS",36
"ESC_KB4202AA_AS",90687,"ESC_KB4202AA_AS",54
"ESC_KB4692AA_AS",146739,"ESC_KB4692AA_AS",87
"ESC_KB9700AA_AS",145991,"ESC_KB9700AA_AS",87
"ESC_KB9703AA_AS",66591,"ESC_KB9703AA_AS",40
"ESC_KB9714AA_AS",146544,"ESC_KB9714AA_AS",87
"ESC_KB9715AA_AS",147676,"ESC_KB9715AA_AS",88
"ESC_KB9716AA_AS",145891,"ESC_KB9716AA_AS",87
"ESC_KB9720AA_AS",146492,"ESC_KB9720AA_AS",87
"ESC_KB9721AA_AS",145756,"ESC_KB9721AA_AS",86
"ESC_KB9722AA_AS",146167,"ESC_KB9722AA_AS",87
"ESC_KB9725AA_AS",144638,"ESC_KB9725AA_AS",86
"ESC_KB9726AA_AS",65434,"ESC_KB9726AA_AS",39
"ESC_KB9729AA_AS",146160,"ESC_KB9729AA_AS",87
"ESC_KB9732AA_AS",65516,"ESC_KB9732AA_AS",39
"ESC_KB9734AA_AS",65516,"ESC_KB9734AA_AS",39
"ESC_KB9735AA_AS",143194,"ESC_KB9735AA_AS",85
"ESC_KB9751AA_AS",145833,"ESC_KB9751AA_AS",87
"ESC_KB9762AA_AS",146591,"ESC_KB9762AA_AS",87
"ESC_KB9767AA_AS",146538,"ESC_KB9767AA_AS",87
"ESC_KB9768AA_AS",146591,"ESC_KB9768AA_AS",87
"ESC_LA4536AA_AS",14302,"ESC_LA4536AA_AS",8
"ESC_LA4539AA_AS",23681,"ESC_LA4539AA_AS",14
"ESC_LA4540AA_AS",37473,"ESC_LA4540AA_AS",22
"ESC_LA5735AA_AS",14409,"ESC_LA5735AA_AS",9
"ESC_LA5763AA_AS",12507,"ESC_LA5763AA_AS",7
"ESC_LA5874AA_AS",95334,"ESC_LA5874AA_AS",57
"ESC_LA5890AA_AS",24813,"ESC_LA5890AA_AS",15
"ESC_LB0076AA_AS",60921,"ESC_LB0076AA_AS",36
"ESC_LB0314AA_AS",144959,"ESC_LB0314AA_AS",86
"ESC_LB0394AA_AS",14255,"ESC_LB0394AA_AS",8
"ESC_LB0440AA_AS",61867,"ESC_LB0440AA_AS",37
"ESC_LB0692AA_AS",14541,"ESC_LB0692AA_AS",9
"ESC_LB2789AA_AS",14255,"ESC_LB2789AA_AS",8
"ESC_LB6010AA_AS",25254,"ESC_LB6010AA_AS",15
"ESC_NA3970AA_AS",45974,"ESC_NA3970AA_AS",27
"ESC_NA3971AA_AS",61608,"ESC_NA3971AA_AS",37
"ESC_NA3972AA_AS",20280,"ESC_NA3972AA_AS",12
"ESC_NA3973AA_AS",68319,"ESC_NA3973AA_AS",41
"ESC_NA3974AA_AS",66045,"ESC_NA3974AA_AS",39
"ESC_NA3975AA_AS",66347,"ESC_NA3975AA_AS",39
"ESC_NA3976AA_AS",21197,"ESC_NA3976AA_AS",13
"ESC_NA3979AA_AS",23271,"ESC_NA3979AA_AS",14
"ESC_NA3980AA_AS",65394,"ESC_NA3980AA_AS",39
"ESC_NA3982AA_AS",66945,"ESC_NA3982AA_AS",40
"ESC_NA3983AA_AS",65139,"ESC_NA3983AA_AS",39
"ESC_NA3984AA_AS",71029,"ESC_NA3984AA_AS",42
"ESC_NA3985AA_AS",14331,"ESC_NA3985AA_AS",9
"ESC_NA3987AA_AS",63255,"ESC_NA3987AA_AS",38
"ESC_NA3988AA_AS",39714,"ESC_NA3988AA_AS",24
"ESC_NA3989AA_AS",59979,"ESC_NA3989AA_AS",36
"ESC_NA3990AA_AS",32756,"ESC_NA3990AA_AS",19
"ESC_NA3991AA_AS",71598,"ESC_NA3991AA_AS",42
"ESC_NA3992AA_AS",66459,"ESC_NA3992AA_AS",39
"ESC_NA3993AA_AS",65766,"ESC_NA3993AA_AS",39
"ESC_NA3994AA_AS",17990,"ESC_NA3994AA_AS",11
"ESC_NA3995AA_AS",12062,"ESC_NA3995AA_AS",7
"ESC_NA3996AA_AS",17990,"ESC_NA3996AA_AS",11
"ESC_NA3997AA_AS",8805,"ESC_NA3997AA_AS",5
"ESC_NA3999AA_AS",66302,"ESC_NA3999AA_AS",39
"ESC_NA4000AA_AS",68246,"ESC_NA4000AA_AS",40
"ESC_NA4001AA_AS",67660,"ESC_NA4001AA_AS",40
"ESC_NA4002AA_AS",64534,"ESC_NA4002AA_AS",38
"ESC_NA4003AA_AS",64997,"ESC_NA4003AA_AS",39
"ESC_NA4004AA_AS",68526,"ESC_NA4004AA_AS",41
"ESC_NA4005AA_AS",66810,"ESC_NA4005AA_AS",40
"ESC_NA4006AA_AS",6947,"ESC_NA4006AA_AS",4
"ESC_NA4008AA_AS",6947,"ESC_NA4008AA_AS",4
"ESC_NA4009AA_AS",6945,"ESC_NA4009AA_AS",4
"ESC_NA4010AA_AS",13770,"ESC_NA4010AA_AS",8
"ESC_NA4012AA_AS",23474,"ESC_NA4012AA_AS",14
"ESC_NA4013AA_AS",69299,"ESC_NA4013AA_AS",41
"ESC_NA4015AA_AS",34366,"ESC_NA4015AA_AS",20
"ESC_NA4016AA_AS",17990,"ESC_NA4016AA_AS",11
"ESC_NA4018AA_AS",14217,"ESC_NA4018AA_AS",8
"ESC_NA4019AA_AS",61029,"ESC_NA4019AA_AS",36
"ESC_NA4020AA_AS",25435,"ESC_NA4020AA_AS",15
"ESC_NA4021AA_AS",96974,"ESC_NA4021AA_AS",58
"ESC_NA4022AA_AS",17990,"ESC_NA4022AA_AS",11
"ESC_NA4023AA_AS",20378,"ESC_NA4023AA_AS",12
"ESC_NA4024AA_AS",64928,"ESC_NA4024AA_AS",39
"ESC_NA4025AA_AS",80212,"ESC_NA4025AA_AS",48
"ESC_NA4026AA_AS",17990,"ESC_NA4026AA_AS",11
"ESC_NA4027AA_AS",14237,"ESC_NA4027AA_AS",8
"ESC_NA4028AA_AS",67388,"ESC_NA4028AA_AS",40
"ESC_NA4029AA_AS",14255,"ESC_NA4029AA_AS",8
"ESC_NA4030AA_AS",68029,"ESC_NA4030AA_AS",40
"ESC_NA4031AA_AS",17990,"ESC_NA4031AA_AS",11
"ESC_NA4032AA_AS",56932,"ESC_NA4032AA_AS",34
"ESC_NA4033AA_AS",26694,"ESC_NA4033AA_AS",16
"ESC_NA4034AA_AS",14331,"ESC_NA4034AA_AS",9
"ESC_NA4035AA_AS",66055,"ESC_NA4035AA_AS",39
"ESC_NA4036AA_AS",64347,"ESC_NA4036AA_AS",38
"ESC_NA4037AA_AS",63726,"ESC_NA4037AA_AS",38
"ESC_NA4038AA_AS",14237,"ESC_NA4038AA_AS",8
"ESC_NA4040AA_AS",14255,"ESC_NA4040AA_AS",8
"ESC_NA4043AA_AS",66791,"ESC_NA4043AA_AS",40
"ESC_NA4044AA_AS",64506,"ESC_NA4044AA_AS",38
"ESC_NA4045AA_AS",64359,"ESC_NA4045AA_AS",38
"ESC_NA4046AA_AS",6944,"ESC_NA4046AA_AS",4
"ESC_NA4048AA_AS",63506,"ESC_NA4048AA_AS",38
"ESC_NA4049AA_AS",61766,"ESC_NA4049AA_AS",37
"ESC_NA4051AA_AS",14255,"ESC_NA4051AA_AS",8
"ESC_NA4052AA_AS",65179,"ESC_NA4052AA_AS",39
"ESC_NA4053AA_AS",66368,"ESC_NA4053AA_AS",39
"ESC_NA4054AA_AS",17989,"ESC_NA4054AA_AS",11
"ESC_NA4055AA_AS",66943,"ESC_NA4055AA_AS",40
"ESC_NA4056AA_AS",67348,"ESC_NA4056AA_AS",40
"ESC_NA4057AA_AS",62875,"ESC_NA4057AA_AS",37
"ESC_NA4058AA_AS",65191,"ESC_NA4058AA_AS",39
"ESC_NA4059AA_AS",61131,"ESC_NA4059AA_AS",36
"ESC_NA4060AA_AS",58890,"ESC_NA4060AA_AS",35
"ESC_NA4061AA_AS",65787,"ESC_NA4061AA_AS",39
"ESC_NA4062AA_AS",14387,"ESC_NA4062AA_AS",9
"ESC_NA4063AA_AS",67026,"ESC_NA4063AA_AS",40
"ESC_NA4064AA_AS",8813,"ESC_NA4064AA_AS",5
"ESC_NA4065AA_AS",14290,"ESC_NA4065AA_AS",8
"ESC_NA4066AA_AS",65630,"ESC_NA4066AA_AS",39
"ESC_NA4067AA_AS",66926,"ESC_NA4067AA_AS",40
"ESC_NA4068AA_AS",66945,"ESC_NA4068AA_AS",40
"ESC_NA4069AA_AS",67006,"ESC_NA4069AA_AS",40
"ESC_NA4070AA_AS",66008,"ESC_NA4070AA_AS",39
"ESC_NA4071AA_AS",66759,"ESC_NA4071AA_AS",40
"ESC_NA4072AA_AS",66157,"ESC_NA4072AA_AS",39
"ESC_PA1111AA_AS",14255,"ESC_PA1111AA_AS",8
"ESC_PA1355AA_AS",14255,"ESC_PA1355AA_AS",8
"ESC_PA1356AA_AS",20259,"ESC_PA1356AA_AS",12
"ESC_PA7839AA_AS",54041,"ESC_PA7839AA_AS",32
"ESC_QA2182AA_AS",8278,"ESC_QA2182AA_AS",5
"ESC_QA2890AA_AS",55546,"ESC_QA2890AA_AS",33
"ESC_QA3565AA_AS",22250,"ESC_QA3565AA_AS",13
"ESC_QA3671AA_AS",64183,"ESC_QA3671AA_AS",38
"ESC_QA3675AA_AS",96466,"ESC_QA3675AA_AS",57
"ESC_QA3677AA_AS",32429,"ESC_QA3677AA_AS",19
"ESC_QA5163AA_AS",12333,"ESC_QA5163AA_AS",7
"ESC_QA5188AA_AS",56433,"ESC_QA5188AA_AS",33
"ESC_QA5199AA_AS",23464,"ESC_QA5199AA_AS",14
"ESC_QA5208AA_AS",23470,"ESC_QA5208AA_AS",14
"ESC_QA5378AA_AS",15026,"ESC_QA5378AA_AS",9
"ESC_QA5479AA_AS",23474,"ESC_QA5479AA_AS",14
"ESC_QA5498AA_AS",16655,"ESC_QA5498AA_AS",10
"ESC_QA5539AA_AS",21167,"ESC_QA5539AA_AS",13
"ESC_QA5645AA_AS",23497,"ESC_QA5645AA_AS",14
"ESC_QA5905AA_AS",19258,"ESC_QA5905AA_AS",11
"ESC_QA5908AA_AS",10317,"ESC_QA5908AA_AS",6
"ESC_QA5919AA_AS",65832,"ESC_QA5919AA_AS",39
"ESC_QA6460AA_AS",12600,"ESC_QA6460AA_AS",7
"ESC_QA6616AA_AS",16635,"ESC_QA6616AA_AS",10
"ESC_QA6930AA_AS",29302,"ESC_QA6930AA_AS",17
"ESC_QA7345AA_AS",13878,"ESC_QA7345AA_AS",8
"ESC_QA7385AA_AS",25068,"ESC_QA7385AA_AS",15
"ESC_QA7392AA_AS",23474,"ESC_QA7392AA_AS",14
"ESC_QA7436AA_AS",14255,"ESC_QA7436AA_AS",8
"ESC_QA7440AA_AS",23474,"ESC_QA7440AA_AS",14
"ESC_QA7446AA_AS",63346,"ESC_QA7446AA_AS",38
"ESC_QA7591AA_AS",56193,"ESC_QA7591AA_AS",33
"ESC_QA7811AA_AS",16657,"ESC_QA7811AA_AS",10
"ESC_QA7860AA_AS",145738,"ESC_QA7860AA_AS",86
"ESC_QA7877AA_AS",13772,"ESC_QA7877AA_AS",8
"ESC_QA7878AA_AS",12922,"ESC_QA7878AA_AS",8
"ESC_QA7942AA_AS",77752,"ESC_QA7942AA_AS",46
"ESC_QA7947AA_AS",16657,"ESC_QA7947AA_AS",10
"ESC_QA7981AA_AS",18270,"ESC_QA7981AA_AS",11
"ESC_QA8120AA_AS",12331,"ESC_QA8120AA_AS",7
"ESC_QA8121AA_AS",52228,"ESC_QA8121AA_AS",31
"ESC_QA8168AA_AS",62302,"ESC_QA8168AA_AS",37
"ESC_QA8186AA_AS",14255,"ESC_QA8186AA_AS",8
"ESC_QA8859AA_AS",16013,"ESC_QA8859AA_AS",10
"ESC_QA8947AA_AS",16657,"ESC_QA8947AA_AS",10
"ESC_QA8948AA_AS",16324,"ESC_QA8948AA_AS",10
"ESC_QA8950AA_AS",12044,"ESC_QA8950AA_AS",7
"ESC_QA8963AA_AS",22250,"ESC_QA8963AA_AS",13
"ESC_QA9416AA_AS",17380,"ESC_QA9416AA_AS",10
"ESC_QA9654AA_AS",78742,"ESC_QA9654AA_AS",47
"ESC_RA0152AA_AS",11875,"ESC_RA0152AA_AS",7
"ESC_RA4044AA_AS",70851,"ESC_RA4044AA_AS",42
"ESC_RA4047AA_AS",62053,"ESC_RA4047AA_AS",37
"ESC_RA4048AA_AS",73077,"ESC_RA4048AA_AS",43
"ESC_RA4050AA_AS",62053,"ESC_RA4050AA_AS",37
"ESC_RA4068AA_AS",62135,"ESC_RA4068AA_AS",37
"ESC_RA4278AA_AS",66767,"ESC_RA4278AA_AS",40
"ESC_RA4281AA_AS",66767,"ESC_RA4281AA_AS",40
"ESC_RA4508AA_AS",6323,"ESC_RA4508AA_AS",4
"ESC_RA7116AA_AS",90509,"ESC_RA7116AA_AS",54
"ESC_SA0482AA_AS",24466,"ESC_SA0482AA_AS",15
"ESC_SA0489AA_AS",22250,"ESC_SA0489AA_AS",13
"ESC_SA2297AA_AS",8005,"ESC_SA2297AA_AS",5
"ESC_SA2410AA_AS",6947,"ESC_SA2410AA_AS",4
"ESC_SA2728AA_AS",14387,"ESC_SA2728AA_AS",9
"ESC_SA2788AA_AS",61464,"ESC_SA2788AA_AS",36
"ESC_SA3661AA_AS",66766,"ESC_SA3661AA_AS",40
"ESC_SA4839AA_AS",67001,"ESC_SA4839AA_AS",40
"ESC_SA5048AA_AS",5021,"ESC_SA5048AA_AS",3
"ESC_SA6572AA_AS",14387,"ESC_SA6572AA_AS",9
"ESC_SA8243AA_AS",65521,"ESC_SA8243AA_AS",39
"ESC_SA8250AA_AS",66401,"ESC_SA8250AA_AS",39
"ESC_SA8273AA_AS",66772,"ESC_SA8273AA_AS",40
"ESC_SA8291AA_AS",65241,"ESC_SA8291AA_AS",39
"ESC_SA8296AA_AS",66698,"ESC_SA8296AA_AS",40
"ESC_SA8301AA_AS",66011,"ESC_SA8301AA_AS",39
"ESC_SA8312AA_AS",161902,"ESC_SA8312AA_AS",96
"ESC_TA2365AA_AS",10774,"ESC_TA2365AA_AS",6
"ESC_TA2436AA_AS",15722,"ESC_TA2436AA_AS",9
"ESC_TA2839AA_AS",65516,"ESC_TA2839AA_AS",39
"ESC_TA7147AA_AS",56769,"ESC_TA7147AA_AS",34
"ESC_TA7169AA_AS",60844,"ESC_TA7169AA_AS",36
"ESC_TA8195AA_AS",59147,"ESC_TA8195AA_AS",35
"ESC_TA8466AA_AS",14255,"ESC_TA8466AA_AS",8
"ESC_TA8684AA_AS",59086,"ESC_TA8684AA_AS",35
"ESC_TA8693AA_AS",14255,"ESC_TA8693AA_AS",8
"ESC_TA8694AA_AS",92369,"ESC_TA8694AA_AS",55
"ESC_TA8695AA_AS",14255,"ESC_TA8695AA_AS",8
"ESC_TA8696AA_AS",14255,"ESC_TA8696AA_AS",8
"ESC_TA8698AA_AS",14255,"ESC_TA8698AA_AS",8
"ESC_TA8700AA_AS",14255,"ESC_TA8700AA_AS",8
"ESC_TA8706AA_AS",14255,"ESC_TA8706AA_AS",8
"ESC_TA8708AA_AS",8005,"ESC_TA8708AA_AS",5
"ESC_TA8713AA_AS",14255,"ESC_TA8713AA_AS",8
"ESC_TA8716AA_AS",14255,"ESC_TA8716AA_AS",8
"ESC_TA8717AA_AS",14255,"ESC_TA8717AA_AS",8
"ESC_TA8724AA_AS",25254,"ESC_TA8724AA_AS",15
"ESC_TA8730AA_AS",14255,"ESC_TA8730AA_AS",8
"ESC_TA8731AA_AS",37661,"ESC_TA8731AA_AS",22
"ESC_TA8792AA_AS",14255,"ESC_TA8792AA_AS",8
"ESC_TA8927AA_AS",62911,"ESC_TA8927AA_AS",37
"ESC_TA9938AA_AS",16288,"ESC_TA9938AA_AS",10
"ESC_UA1505AA_AS",60080,"ESC_UA1505AA_AS",36
"ESC_UA1831AA_AS",24223,"ESC_UA1831AA_AS",14
"ESC_VA0598AA_AS",66944,"ESC_VA0598AA_AS",40
"ESC_VA1064AA_AS",56273,"ESC_VA1064AA_AS",33
"ESC_VA3679AA_AS",161014,"ESC_VA3679AA_AS",96
"ESC_VA4677AA_AS",61131,"ESC_VA4677AA_AS",36
"ESC_VA5393AA_AS",23497,"ESC_VA5393AA_AS",14
"ESC_VA7372AA_AS",20913,"ESC_VA7372AA_AS",12
"ESC_WA0219AA_AS",19815,"ESC_WA0219AA_AS",12
"ESC_WA0222AA_AS",15472,"ESC_WA0222AA_AS",9
"ESC_WA1915AA_AS",61049,"ESC_WA1915AA_AS",36
"ESC_WA2637AA_AS",78994,"ESC_WA2637AA_AS",47
"ESC_WA2654AA_AS",78642,"ESC_WA2654AA_AS",47
"ESC_WA2657AA_AS",78642,"ESC_WA2657AA_AS",47
"ESC_WA2664AA_AS",78642,"ESC_WA2664AA_AS",47
"ESC_WA2673AA_AS",65516,"ESC_WA2673AA_AS",39
"ESC_WA6850AA_AS",14456,"ESC_WA6850AA_AS",9
"ESC_WA6851AA_AS",23675,"ESC_WA6851AA_AS",14
"ESC_WA6852AA_AS",6947,"ESC_WA6852AA_AS",4
"ESC_WA6853AA_AS",8005,"ESC_WA6853AA_AS",5
"ESC_WA6854AA_AS",24813,"ESC_WA6854AA_AS",15
"ESC_WA6855AA_AS",26784,"ESC_WA6855AA_AS",16
"ESC_WA6856AA_AS",23675,"ESC_WA6856AA_AS",14
"ESC_WA6857AA_AS",23760,"ESC_WA6857AA_AS",14
"ESC_WA6859AA_AS",68733,"ESC_WA6859AA_AS",41
"ESC_WA6860AA_AS",14298,"ESC_WA6860AA_AS",8
"ESC_WA6886AA_AS",61738,"ESC_WA6886AA_AS",37
"ESC_WA6887AA_AS",23759,"ESC_WA6887AA_AS",14
"ESC_WA6888AA_AS",16925,"ESC_WA6888AA_AS",10
"ESC_WA6922AA_AS",69351,"ESC_WA6922AA_AS",41
"ESC_WA6923AA_AS",6947,"ESC_WA6923AA_AS",4
"ESC_WA6924AA_AS",14456,"ESC_WA6924AA_AS",9
"ESC_WA6925AA_AS",14541,"ESC_WA6925AA_AS",9
"ESC_WA6926AA_AS",69010,"ESC_WA6926AA_AS",41
"ESC_WA6927AA_AS",14540,"ESC_WA6927AA_AS",9
"ESC_WA6928AA_AS",14541,"ESC_WA6928AA_AS",9
"ESC_WA6929AA_AS",14456,"ESC_WA6929AA_AS",9
"ESC_WA6932AA_AS",68623,"ESC_WA6932AA_AS",41
"ESC_WA6933AA_AS",16081,"ESC_WA6933AA_AS",10
"ESC_WA6970AA_AS",14321,"ESC_WA6970AA_AS",8
"ESC_WA6971AA_AS",17990,"ESC_WA6971AA_AS",11
"ESC_WA6972AA_AS",61674,"ESC_WA6972AA_AS",37
"ESC_WA6975AA_AS",14541,"ESC_WA6975AA_AS",9
"ESC_WA6976AA_AS",16166,"ESC_WA6976AA_AS",10
"ESC_WA6977AA_AS",69008,"ESC_WA6977AA_AS",41
"ESC_WA6979AA_AS",14300,"ESC_WA6979AA_AS",8
"ESC_WA9611AA_AS",146565,"ESC_WA9611AA_AS",87
"ESC_WA9986AA_AS",65167,"ESC_WA9986AA_AS",39
"ESC_XA0482AA_AS",69391,"ESC_XA0482AA_AS",41
"ESC_XA1004AA_AS",14123,"ESC_XA1004AA_AS",8
"ESC_XA1018AA_AS",14255,"ESC_XA1018AA_AS",8
"ESC_XA1050AA_AS",58298,"ESC_XA1050AA_AS",35
"ESC_XA1055AA_AS",60050,"ESC_XA1055AA_AS",36
"ESC_XA1066AA_AS",14255,"ESC_XA1066AA_AS",8
"ESC_XA1076AA_AS",14255,"ESC_XA1076AA_AS",8
"ESC_XA1079AA_AS",7719,"ESC_XA1079AA_AS",5
"ESC_XA1089AA_AS",14255,"ESC_XA1089AA_AS",8
"ESC_XA1108AA_AS",14541,"ESC_XA1108AA_AS",9
"ESC_XA1114AA_AS",3659,"ESC_XA1114AA_AS",2
"ESC_XA1115AA_AS",6945,"ESC_XA1115AA_AS",4
"ESC_XA1126AA_AS",65374,"ESC_XA1126AA_AS",39
"ESC_XA1127AA_AS",11776,"ESC_XA1127AA_AS",7
"ESC_XA1135AA_AS",58992,"ESC_XA1135AA_AS",35
"ESC_XA1141AA_AS",34204,"ESC_XA1141AA_AS",20
"ESC_XA1146AA_AS",24797,"ESC_XA1146AA_AS",15
"ESC_XA1150AA_AS",14541,"ESC_XA1150AA_AS",9
"ESC_XA1159AA_AS",59703,"ESC_XA1159AA_AS",35
"ESC_XA1162AA_AS",14541,"ESC_XA1162AA_AS",9
"ESC_XA1186AA_AS",23474,"ESC_XA1186AA_AS",14
"ESC_XA1205AA_AS",14255,"ESC_XA1205AA_AS",8
"ESC_XA1222AA_AS",61867,"ESC_XA1222AA_AS",37
"ESC_XA1223AA_AS",14255,"ESC_XA1223AA_AS",8
"ESC_XA1224AA_AS",14356,"ESC_XA1224AA_AS",9
"ESC_XA1239AA_AS",14356,"ESC_XA1239AA_AS",9
"ESC_XA1243AA_AS",14255,"ESC_XA1243AA_AS",8
"ESC_XA1246AA_AS",14255,"ESC_XA1246AA_AS",8
"ESC_XA1253AA_AS",14143,"ESC_XA1253AA_AS",8
"ESC_XA1273AA_AS",61029,"ESC_XA1273AA_AS",36
"ESC_XA1274AA_AS",14255,"ESC_XA1274AA_AS",8
"ESC_XA1293AA_AS",14255,"ESC_XA1293AA_AS",8
"ESC_XA1294AA_AS",14255,"ESC_XA1294AA_AS",8
"ESC_XA1311AA_AS",36224,"ESC_XA1311AA_AS",21
"ESC_XA1313AA_AS",15867,"ESC_XA1313AA_AS",9
"ESC_XA1321AA_AS",14540,"ESC_XA1321AA_AS",9
"ESC_XA1348AA_AS",71598,"ESC_XA1348AA_AS",42
"ESC_XA1350AA_AS",63331,"ESC_XA1350AA_AS",38
"ESC_XA1359AA_AS",59058,"ESC_XA1359AA_AS",35
"ESC_XA1360AA_AS",12848,"ESC_XA1360AA_AS",8
"ESC_XA1375AA_AS",14255,"ESC_XA1375AA_AS",8
"ESC_XA1381AA_AS",6639,"ESC_XA1381AA_AS",4
"ESC_XA1384AA_AS",23474,"ESC_XA1384AA_AS",14
"ESC_XA1393AA_AS",57087,"ESC_XA1393AA_AS",34
"ESC_XA1397AA_AS",67478,"ESC_XA1397AA_AS",40
"ESC_XA1403AA_AS",59886,"ESC_XA1403AA_AS",36
"ESC_XA1408AA_AS",61981,"ESC_XA1408AA_AS",37
"ESC_XA4718AA_AS",14702,"ESC_XA4718AA_AS",9
"ESC_XA7358AA_AS",61049,"ESC_XA7358AA_AS",36
"ESC_XA8795AA_AS",14255,"ESC_XA8795AA_AS",8
"ESC_YA6556AA_AS",14456,"ESC_YA6556AA_AS",9
"ESC_ZA6514AA_AS",22250,"ESC_ZA6514AA_AS",13
"ESC_ZA9457AA_AS",22250,"ESC_ZA9457AA_AS",13
