"","pAPEC_O78_ColV","working_name","Percent_hit"
"ESC_AA7971AA_AS",14978,"ESC_AA7971AA_AS",10
"ESC_AA9421AA_AS",129404,"ESC_AA9421AA_AS",89
"ESC_BA0967AA_AS",8925,"ESC_BA0967AA_AS",6
"ESC_BA1000AA_AS",20569,"ESC_BA1000AA_AS",14
"ESC_BA1242AA_AS",3659,"ESC_BA1242AA_AS",3
"ESC_BA1451AA_AS",16493,"ESC_BA1451AA_AS",11
"ESC_BA2267AA_AS",31092,"ESC_BA2267AA_AS",21
"ESC_BA2574AA_AS",17274,"ESC_BA2574AA_AS",12
"ESC_BA3061AA_AS",18717,"ESC_BA3061AA_AS",13
"ESC_BA3227AA_AS",3659,"ESC_BA3227AA_AS",3
"ESC_BA3967AA_AS",3659,"ESC_BA3967AA_AS",3
"ESC_BA4108AA_AS",101915,"ESC_BA4108AA_AS",70
"ESC_BA4389AA_AS",124593,"ESC_BA4389AA_AS",86
"ESC_BA5185AA_AS",14978,"ESC_BA5185AA_AS",10
"ESC_BA5541AA_AS",26168,"ESC_BA5541AA_AS",18
"ESC_BA6731AA_AS",18545,"ESC_BA6731AA_AS",13
"ESC_BA7454AA_AS",15613,"ESC_BA7454AA_AS",11
"ESC_BA7761AA_AS",26168,"ESC_BA7761AA_AS",18
"ESC_BA8039AA_AS",50053,"ESC_BA8039AA_AS",35
"ESC_BA8085AA_AS",121953,"ESC_BA8085AA_AS",84
"ESC_BA8137AA_AS",120597,"ESC_BA8137AA_AS",83
"ESC_BA8190AA_AS",117790,"ESC_BA8190AA_AS",81
"ESC_BA8258AA_AS",21202,"ESC_BA8258AA_AS",15
"ESC_BA8511AA_AS",137254,"ESC_BA8511AA_AS",95
"ESC_CA0637AA_AS",38815,"ESC_CA0637AA_AS",27
"ESC_CA0677AA_AS",17114,"ESC_CA0677AA_AS",12
"ESC_CA0894AA_AS",32515,"ESC_CA0894AA_AS",22
"ESC_CA0987AA_AS",4423,"ESC_CA0987AA_AS",3
"ESC_CA1134AA_AS",23412,"ESC_CA1134AA_AS",16
"ESC_CA1554AA_AS",124866,"ESC_CA1554AA_AS",86
"ESC_CA2031AA_AS",128267,"ESC_CA2031AA_AS",89
"ESC_CA2085AA_AS",109125,"ESC_CA2085AA_AS",75
"ESC_CA2243AA_AS",4970,"ESC_CA2243AA_AS",3
"ESC_CA2638AA_AS",119292,"ESC_CA2638AA_AS",82
"ESC_CA2654AA_AS",10278,"ESC_CA2654AA_AS",7
"ESC_CA2708AA_AS",49346,"ESC_CA2708AA_AS",34
"ESC_CA2713AA_AS",27187,"ESC_CA2713AA_AS",19
"ESC_CA2823AA_AS",15716,"ESC_CA2823AA_AS",11
"ESC_CA3069AA_AS",121765,"ESC_CA3069AA_AS",84
"ESC_CA3085AA_AS",27233,"ESC_CA3085AA_AS",19
"ESC_CA3089AA_AS",118416,"ESC_CA3089AA_AS",82
"ESC_CA3176AA_AS",17633,"ESC_CA3176AA_AS",12
"ESC_CA3553AA_AS",102004,"ESC_CA3553AA_AS",70
"ESC_CA3698AA_AS",65216,"ESC_CA3698AA_AS",45
"ESC_CA4056AA_AS",128198,"ESC_CA4056AA_AS",88
"ESC_CA4172AA_AS",129112,"ESC_CA4172AA_AS",89
"ESC_CA4203AA_AS",124936,"ESC_CA4203AA_AS",86
"ESC_CA4416AA_AS",127926,"ESC_CA4416AA_AS",88
"ESC_CA4774AA_AS",23792,"ESC_CA4774AA_AS",16
"ESC_CA4830AA_AS",14849,"ESC_CA4830AA_AS",10
"ESC_CA4887AA_AS",122652,"ESC_CA4887AA_AS",85
"ESC_CA4893AA_AS",90526,"ESC_CA4893AA_AS",62
"ESC_CA5088AA_AS",17095,"ESC_CA5088AA_AS",12
"ESC_CA5131AA_AS",123540,"ESC_CA5131AA_AS",85
"ESC_CA5222AA_AS",129076,"ESC_CA5222AA_AS",89
"ESC_CA5420AA_AS",14849,"ESC_CA5420AA_AS",10
"ESC_CA5467AA_AS",128601,"ESC_CA5467AA_AS",89
"ESC_CA5548AA_AS",125212,"ESC_CA5548AA_AS",86
"ESC_CA5584AA_AS",118647,"ESC_CA5584AA_AS",82
"ESC_CA5697AA_AS",119459,"ESC_CA5697AA_AS",82
"ESC_CA5710AA_AS",129004,"ESC_CA5710AA_AS",89
"ESC_CA5916AA_AS",97696,"ESC_CA5916AA_AS",67
"ESC_CA5933AA_AS",129818,"ESC_CA5933AA_AS",90
"ESC_CA6119AA_AS",128757,"ESC_CA6119AA_AS",89
"ESC_CA6132AA_AS",17112,"ESC_CA6132AA_AS",12
"ESC_CA6171AA_AS",32224,"ESC_CA6171AA_AS",22
"ESC_CA6221AA_AS",128006,"ESC_CA6221AA_AS",88
"ESC_CA6245AA_AS",120753,"ESC_CA6245AA_AS",83
"ESC_CA6287AA_AS",129295,"ESC_CA6287AA_AS",89
"ESC_CA6295AA_AS",31137,"ESC_CA6295AA_AS",21
"ESC_CA6692AA_AS",28513,"ESC_CA6692AA_AS",20
"ESC_CA6770AA_AS",127301,"ESC_CA6770AA_AS",88
"ESC_CB2269AA_AS",17127,"ESC_CB2269AA_AS",12
"ESC_CB2297AA_AS",20196,"ESC_CB2297AA_AS",14
"ESC_CB2309AA_AS",53683,"ESC_CB2309AA_AS",37
"ESC_CB2317AA_AS",123611,"ESC_CB2317AA_AS",85
"ESC_CB2345AA_AS",29133,"ESC_CB2345AA_AS",20
"ESC_CB2384AA_AS",124595,"ESC_CB2384AA_AS",86
"ESC_CB2447AA_AS",127907,"ESC_CB2447AA_AS",88
"ESC_CB2459AA_AS",117211,"ESC_CB2459AA_AS",81
"ESC_CB7223AA_AS",122752,"ESC_CB7223AA_AS",85
"ESC_CB8726AA_AS",36765,"ESC_CB8726AA_AS",25
"ESC_CB8729AA_AS",129519,"ESC_CB8729AA_AS",89
"ESC_CB8822AA_AS",130607,"ESC_CB8822AA_AS",90
"ESC_CB8832AA_AS",33338,"ESC_CB8832AA_AS",23
"ESC_CB8888AA_AS",125796,"ESC_CB8888AA_AS",87
"ESC_CB8931AA_AS",126494,"ESC_CB8931AA_AS",87
"ESC_CB9097AA_AS",137192,"ESC_CB9097AA_AS",95
"ESC_CB9169AA_AS",40138,"ESC_CB9169AA_AS",28
"ESC_FA1638AA_AS",110465,"ESC_FA1638AA_AS",76
"ESC_FA6906AA_AS",32665,"ESC_FA6906AA_AS",23
"ESC_FA6908AA_AS",22562,"ESC_FA6908AA_AS",16
"ESC_FA7190AA_AS",128920,"ESC_FA7190AA_AS",89
"ESC_FA8050AA_AS",52504,"ESC_FA8050AA_AS",36
"ESC_FB3739AA_AS",60946,"ESC_FB3739AA_AS",42
"ESC_FB7924AA_AS",96394,"ESC_FB7924AA_AS",67
"ESC_FB9215AA_AS",93685,"ESC_FB9215AA_AS",65
"ESC_FB9587AA_AS",122867,"ESC_FB9587AA_AS",85
"ESC_FB9640AA_AS",62612,"ESC_FB9640AA_AS",43
"ESC_FB9641AA_AS",16222,"ESC_FB9641AA_AS",11
"ESC_FB9675AA_AS",14125,"ESC_FB9675AA_AS",10
"ESC_FB9847AA_AS",15620,"ESC_FB9847AA_AS",11
"ESC_GA5350AA_AS",125079,"ESC_GA5350AA_AS",86
"ESC_GA5351AA_AS",26719,"ESC_GA5351AA_AS",18
"ESC_GA8819AA_AS",30387,"ESC_GA8819AA_AS",21
"ESC_GA8857AA_AS",130596,"ESC_GA8857AA_AS",90
"ESC_GA9224AA_AS",35215,"ESC_GA9224AA_AS",24
"ESC_GA9272AA_AS",21687,"ESC_GA9272AA_AS",15
"ESC_GB3527AA_AS",123568,"ESC_GB3527AA_AS",85
"ESC_GB3799AA_AS",27523,"ESC_GB3799AA_AS",19
"ESC_GB3897AA_AS",32228,"ESC_GB3897AA_AS",22
"ESC_GB3934AA_AS",21798,"ESC_GB3934AA_AS",15
"ESC_GB5978AA_AS",18236,"ESC_GB5978AA_AS",13
"ESC_GB6068AA_AS",25400,"ESC_GB6068AA_AS",18
"ESC_GB6087AA_AS",97745,"ESC_GB6087AA_AS",67
"ESC_GB6457AA_AS",121958,"ESC_GB6457AA_AS",84
"ESC_GB6463AA_AS",92136,"ESC_GB6463AA_AS",64
"ESC_GB6540AA_AS",126977,"ESC_GB6540AA_AS",88
"ESC_GB6614AA_AS",18742,"ESC_GB6614AA_AS",13
"ESC_GB6618AA_AS",128599,"ESC_GB6618AA_AS",89
"ESC_GB6690AA_AS",17200,"ESC_GB6690AA_AS",12
"ESC_GB6695AA_AS",92687,"ESC_GB6695AA_AS",64
"ESC_GB6696AA_AS",20799,"ESC_GB6696AA_AS",14
"ESC_GB6889AA_AS",98800,"ESC_GB6889AA_AS",68
"ESC_GB6892AA_AS",113086,"ESC_GB6892AA_AS",78
"ESC_GB6898AA_AS",29007,"ESC_GB6898AA_AS",20
"ESC_GB6899AA_AS",129058,"ESC_GB6899AA_AS",89
"ESC_GB6901AA_AS",104308,"ESC_GB6901AA_AS",72
"ESC_GB6906AA_AS",26168,"ESC_GB6906AA_AS",18
"ESC_GB6943AA_AS",128692,"ESC_GB6943AA_AS",89
"ESC_GB6953AA_AS",21530,"ESC_GB6953AA_AS",15
"ESC_GB9758AA_AS",123614,"ESC_GB9758AA_AS",85
"ESC_GB9956AA_AS",41304,"ESC_GB9956AA_AS",29
"ESC_HA0198AA_AS",19139,"ESC_HA0198AA_AS",13
"ESC_HA0238AA_AS",37598,"ESC_HA0238AA_AS",26
"ESC_HA0246AA_AS",14849,"ESC_HA0246AA_AS",10
"ESC_HA0364AA_AS",129422,"ESC_HA0364AA_AS",89
"ESC_HA0689AA_AS",37561,"ESC_HA0689AA_AS",26
"ESC_HA1968AA_AS",130628,"ESC_HA1968AA_AS",90
"ESC_HA2055AA_AS",18024,"ESC_HA2055AA_AS",12
"ESC_HA4979AA_AS",135705,"ESC_HA4979AA_AS",94
"ESC_HA5006AA_AS",105581,"ESC_HA5006AA_AS",73
"ESC_HA5023AA_AS",130475,"ESC_HA5023AA_AS",90
"ESC_HA5031AA_AS",22881,"ESC_HA5031AA_AS",16
"ESC_HA5037AA_AS",73661,"ESC_HA5037AA_AS",51
"ESC_HA5043AA_AS",15761,"ESC_HA5043AA_AS",11
"ESC_HA5076AA_AS",134111,"ESC_HA5076AA_AS",93
"ESC_HA5094AA_AS",16384,"ESC_HA5094AA_AS",11
"ESC_HA5098AA_AS",14849,"ESC_HA5098AA_AS",10
"ESC_HA5111AA_AS",105815,"ESC_HA5111AA_AS",73
"ESC_HA5117AA_AS",14849,"ESC_HA5117AA_AS",10
"ESC_HA5121AA_AS",19015,"ESC_HA5121AA_AS",13
"ESC_HA5136AA_AS",16412,"ESC_HA5136AA_AS",11
"ESC_HA5149AA_AS",125092,"ESC_HA5149AA_AS",86
"ESC_HA5153AA_AS",128430,"ESC_HA5153AA_AS",89
"ESC_HA5174AA_AS",130250,"ESC_HA5174AA_AS",90
"ESC_HA5557AA_AS",30035,"ESC_HA5557AA_AS",21
"ESC_HA5565AA_AS",30796,"ESC_HA5565AA_AS",21
"ESC_HA5568AA_AS",30803,"ESC_HA5568AA_AS",21
"ESC_HA5570AA_AS",93361,"ESC_HA5570AA_AS",64
"ESC_HA5572AA_AS",36962,"ESC_HA5572AA_AS",26
"ESC_HA5579AA_AS",32224,"ESC_HA5579AA_AS",22
"ESC_HA5580AA_AS",32224,"ESC_HA5580AA_AS",22
"ESC_HA5591AA_AS",24161,"ESC_HA5591AA_AS",17
"ESC_HA5615AA_AS",130573,"ESC_HA5615AA_AS",90
"ESC_HA5663AA_AS",123735,"ESC_HA5663AA_AS",85
"ESC_HA5665AA_AS",38048,"ESC_HA5665AA_AS",26
"ESC_HA5683AA_AS",14695,"ESC_HA5683AA_AS",10
"ESC_HA5800AA_AS",106614,"ESC_HA5800AA_AS",74
"ESC_HA6332AA_AS",83441,"ESC_HA6332AA_AS",58
"ESC_HA6342AA_AS",124381,"ESC_HA6342AA_AS",86
"ESC_HA6411AA_AS",130450,"ESC_HA6411AA_AS",90
"ESC_HA6413AA_AS",125052,"ESC_HA6413AA_AS",86
"ESC_HA6418AA_AS",124596,"ESC_HA6418AA_AS",86
"ESC_HA6420AA_AS",128098,"ESC_HA6420AA_AS",88
"ESC_HA7812AA_AS",89232,"ESC_HA7812AA_AS",62
"ESC_HA7918AA_AS",39475,"ESC_HA7918AA_AS",27
"ESC_HA7931AA_AS",115601,"ESC_HA7931AA_AS",80
"ESC_HA8230AA_AS",34216,"ESC_HA8230AA_AS",24
"ESC_HA8271AA_AS",3659,"ESC_HA8271AA_AS",3
"ESC_HA8279AA_AS",18087,"ESC_HA8279AA_AS",12
"ESC_HA8369AA_AS",97899,"ESC_HA8369AA_AS",68
"ESC_HA8540AA_AS",123374,"ESC_HA8540AA_AS",85
"ESC_HA9073AA_AS",102109,"ESC_HA9073AA_AS",70
"ESC_HB0486AA_AS",17249,"ESC_HB0486AA_AS",12
"ESC_HB8007AA_AS",122470,"ESC_HB8007AA_AS",85
"ESC_HB8577AA_AS",117167,"ESC_HB8577AA_AS",81
"ESC_IA0801AA_AS",21841,"ESC_IA0801AA_AS",15
"ESC_IA0804AA_AS",101832,"ESC_IA0804AA_AS",70
"ESC_IA0811AA_AS",125313,"ESC_IA0811AA_AS",87
"ESC_IA0816AA_AS",23009,"ESC_IA0816AA_AS",16
"ESC_IA1449AA_AS",17982,"ESC_IA1449AA_AS",12
"ESC_IA2216AA_AS",17633,"ESC_IA2216AA_AS",12
"ESC_IA2220AA_AS",125202,"ESC_IA2220AA_AS",86
"ESC_IA2221AA_AS",17141,"ESC_IA2221AA_AS",12
"ESC_IA2225AA_AS",17137,"ESC_IA2225AA_AS",12
"ESC_IA2226AA_AS",14849,"ESC_IA2226AA_AS",10
"ESC_IA2233AA_AS",123451,"ESC_IA2233AA_AS",85
"ESC_IA2239AA_AS",3659,"ESC_IA2239AA_AS",3
"ESC_IA2257AA_AS",126530,"ESC_IA2257AA_AS",87
"ESC_IA2262AA_AS",24963,"ESC_IA2262AA_AS",17
"ESC_IA2264AA_AS",14849,"ESC_IA2264AA_AS",10
"ESC_IA2269AA_AS",129066,"ESC_IA2269AA_AS",89
"ESC_IB6001AA_AS",123511,"ESC_IB6001AA_AS",85
"ESC_IB6595AA_AS",17633,"ESC_IB6595AA_AS",12
"ESC_IB6619AA_AS",121354,"ESC_IB6619AA_AS",84
"ESC_IB6797AA_AS",126254,"ESC_IB6797AA_AS",87
"ESC_IB7362AA_AS",15649,"ESC_IB7362AA_AS",11
"ESC_IB7375AA_AS",129290,"ESC_IB7375AA_AS",89
"ESC_IB7386AA_AS",116824,"ESC_IB7386AA_AS",81
"ESC_IB7413AA_AS",123429,"ESC_IB7413AA_AS",85
"ESC_IB7420AA_AS",31424,"ESC_IB7420AA_AS",22
"ESC_IB7431AA_AS",17633,"ESC_IB7431AA_AS",12
"ESC_IB7433AA_AS",14849,"ESC_IB7433AA_AS",10
"ESC_IB7438AA_AS",21317,"ESC_IB7438AA_AS",15
"ESC_IB7443AA_AS",96458,"ESC_IB7443AA_AS",67
"ESC_IB7449AA_AS",32777,"ESC_IB7449AA_AS",23
"ESC_IB7459AA_AS",15620,"ESC_IB7459AA_AS",11
"ESC_IB7463AA_AS",21314,"ESC_IB7463AA_AS",15
"ESC_IB7465AA_AS",104497,"ESC_IB7465AA_AS",72
"ESC_IB7469AA_AS",20634,"ESC_IB7469AA_AS",14
"ESC_IB7473AA_AS",17131,"ESC_IB7473AA_AS",12
"ESC_IB7486AA_AS",26168,"ESC_IB7486AA_AS",18
"ESC_IB7490AA_AS",29751,"ESC_IB7490AA_AS",21
"ESC_IB7499AA_AS",22239,"ESC_IB7499AA_AS",15
"ESC_IB7516AA_AS",127058,"ESC_IB7516AA_AS",88
"ESC_IB7517AA_AS",16952,"ESC_IB7517AA_AS",12
"ESC_IB7519AA_AS",25400,"ESC_IB7519AA_AS",18
"ESC_IB7523AA_AS",17860,"ESC_IB7523AA_AS",12
"ESC_IB7528AA_AS",17633,"ESC_IB7528AA_AS",12
"ESC_IB7529AA_AS",97369,"ESC_IB7529AA_AS",67
"ESC_IB7531AA_AS",17153,"ESC_IB7531AA_AS",12
"ESC_IB7532AA_AS",20384,"ESC_IB7532AA_AS",14
"ESC_IB7542AA_AS",15620,"ESC_IB7542AA_AS",11
"ESC_IB7548AA_AS",17794,"ESC_IB7548AA_AS",12
"ESC_IB7561AA_AS",4430,"ESC_IB7561AA_AS",3
"ESC_IB7571AA_AS",88945,"ESC_IB7571AA_AS",61
"ESC_IB7572AA_AS",20972,"ESC_IB7572AA_AS",14
"ESC_IB7574AA_AS",14849,"ESC_IB7574AA_AS",10
"ESC_IB7576AA_AS",32665,"ESC_IB7576AA_AS",23
"ESC_IB7582AA_AS",25400,"ESC_IB7582AA_AS",18
"ESC_IB7591AA_AS",18759,"ESC_IB7591AA_AS",13
"ESC_IB7597AA_AS",82393,"ESC_IB7597AA_AS",57
"ESC_IB7604AA_AS",26168,"ESC_IB7604AA_AS",18
"ESC_IB7609AA_AS",17882,"ESC_IB7609AA_AS",12
"ESC_IB7611AA_AS",25400,"ESC_IB7611AA_AS",18
"ESC_IB7615AA_AS",14849,"ESC_IB7615AA_AS",10
"ESC_IB7625AA_AS",118732,"ESC_IB7625AA_AS",82
"ESC_IB7630AA_AS",17101,"ESC_IB7630AA_AS",12
"ESC_IB7632AA_AS",32219,"ESC_IB7632AA_AS",22
"ESC_IB7635AA_AS",25400,"ESC_IB7635AA_AS",18
"ESC_IB7639AA_AS",131327,"ESC_IB7639AA_AS",91
"ESC_IB7649AA_AS",19053,"ESC_IB7649AA_AS",13
"ESC_IB7656AA_AS",17198,"ESC_IB7656AA_AS",12
"ESC_IB7668AA_AS",14849,"ESC_IB7668AA_AS",10
"ESC_IB7669AA_AS",26169,"ESC_IB7669AA_AS",18
"ESC_IB7673AA_AS",31865,"ESC_IB7673AA_AS",22
"ESC_IB7676AA_AS",18770,"ESC_IB7676AA_AS",13
"ESC_IB7682AA_AS",17896,"ESC_IB7682AA_AS",12
"ESC_IB7683AA_AS",3659,"ESC_IB7683AA_AS",3
"ESC_IB7686AA_AS",17198,"ESC_IB7686AA_AS",12
"ESC_IB7693AA_AS",38569,"ESC_IB7693AA_AS",27
"ESC_IB7708AA_AS",16420,"ESC_IB7708AA_AS",11
"ESC_IB7712AA_AS",124735,"ESC_IB7712AA_AS",86
"ESC_IB7713AA_AS",21730,"ESC_IB7713AA_AS",15
"ESC_IB7718AA_AS",19007,"ESC_IB7718AA_AS",13
"ESC_IB7720AA_AS",32224,"ESC_IB7720AA_AS",22
"ESC_IB7723AA_AS",106368,"ESC_IB7723AA_AS",73
"ESC_IB7726AA_AS",130012,"ESC_IB7726AA_AS",90
"ESC_IB7731AA_AS",32371,"ESC_IB7731AA_AS",22
"ESC_IB7732AA_AS",125011,"ESC_IB7732AA_AS",86
"ESC_IB7738AA_AS",14849,"ESC_IB7738AA_AS",10
"ESC_IB7742AA_AS",17249,"ESC_IB7742AA_AS",12
"ESC_IB7745AA_AS",130932,"ESC_IB7745AA_AS",90
"ESC_IB8255AA_AS",18352,"ESC_IB8255AA_AS",13
"ESC_IB8355AA_AS",31424,"ESC_IB8355AA_AS",22
"ESC_IB9074AA_AS",23841,"ESC_IB9074AA_AS",16
"ESC_JA3774AA_AS",97293,"ESC_JA3774AA_AS",67
"ESC_JA3853AA_AS",123907,"ESC_JA3853AA_AS",86
"ESC_JA3948AA_AS",129770,"ESC_JA3948AA_AS",90
"ESC_JA4010AA_AS",126290,"ESC_JA4010AA_AS",87
"ESC_JA4488AA_AS",97016,"ESC_JA4488AA_AS",67
"ESC_JA4566AA_AS",121834,"ESC_JA4566AA_AS",84
"ESC_JA4581AA_AS",131410,"ESC_JA4581AA_AS",91
"ESC_JA4609AA_AS",96744,"ESC_JA4609AA_AS",67
"ESC_JA4751AA_AS",129837,"ESC_JA4751AA_AS",90
"ESC_JA4785AA_AS",125154,"ESC_JA4785AA_AS",86
"ESC_JA5133AA_AS",128671,"ESC_JA5133AA_AS",89
"ESC_JA7639AA_AS",128905,"ESC_JA7639AA_AS",89
"ESC_JA8124AA_AS",126060,"ESC_JA8124AA_AS",87
"ESC_JA8284AA_AS",121200,"ESC_JA8284AA_AS",84
"ESC_JA8368AA_AS",122489,"ESC_JA8368AA_AS",85
"ESC_JA9326AA_AS",5907,"ESC_JA9326AA_AS",4
"ESC_JA9945AA_AS",109229,"ESC_JA9945AA_AS",75
"ESC_JB5829AA_AS",16420,"ESC_JB5829AA_AS",11
"ESC_JB8253AA_AS",114428,"ESC_JB8253AA_AS",79
"ESC_JB8357AA_AS",130550,"ESC_JB8357AA_AS",90
"ESC_JB8358AA_AS",134408,"ESC_JB8358AA_AS",93
"ESC_JB8359AA_AS",95226,"ESC_JB8359AA_AS",66
"ESC_JB9522AA_AS",87163,"ESC_JB9522AA_AS",60
"ESC_JB9585AA_AS",99412,"ESC_JB9585AA_AS",69
"ESC_KA0604AA_AS",124430,"ESC_KA0604AA_AS",86
"ESC_KA0652AA_AS",5754,"ESC_KA0652AA_AS",4
"ESC_KA0889AA_AS",24397,"ESC_KA0889AA_AS",17
"ESC_KA1451AA_AS",130114,"ESC_KA1451AA_AS",90
"ESC_KA1594AA_AS",121890,"ESC_KA1594AA_AS",84
"ESC_KA3859AA_AS",17743,"ESC_KA3859AA_AS",12
"ESC_KA4244AA_AS",123720,"ESC_KA4244AA_AS",85
"ESC_KA4597AA_AS",129858,"ESC_KA4597AA_AS",90
"ESC_KA4607AA_AS",123239,"ESC_KA4607AA_AS",85
"ESC_KA6867AA_AS",124767,"ESC_KA6867AA_AS",86
"ESC_KA9265AA_AS",98011,"ESC_KA9265AA_AS",68
"ESC_KA9267AA_AS",97854,"ESC_KA9267AA_AS",68
"ESC_KA9324AA_AS",97459,"ESC_KA9324AA_AS",67
"ESC_KA9597AA_AS",96677,"ESC_KA9597AA_AS",67
"ESC_KA9598AA_AS",97197,"ESC_KA9598AA_AS",67
"ESC_KB3273AA_AS",94997,"ESC_KB3273AA_AS",66
"ESC_KB3274AA_AS",96713,"ESC_KB3274AA_AS",67
"ESC_KB3275AA_AS",94048,"ESC_KB3275AA_AS",65
"ESC_KB3276AA_AS",96494,"ESC_KB3276AA_AS",67
"ESC_KB3279AA_AS",96386,"ESC_KB3279AA_AS",67
"ESC_KB3281AA_AS",128724,"ESC_KB3281AA_AS",89
"ESC_KB3352AA_AS",98108,"ESC_KB3352AA_AS",68
"ESC_KB3369AA_AS",94214,"ESC_KB3369AA_AS",65
"ESC_KB3395AA_AS",88093,"ESC_KB3395AA_AS",61
"ESC_KB3408AA_AS",129229,"ESC_KB3408AA_AS",89
"ESC_KB3427AA_AS",97689,"ESC_KB3427AA_AS",67
"ESC_KB3428AA_AS",96596,"ESC_KB3428AA_AS",67
"ESC_KB3527AA_AS",110788,"ESC_KB3527AA_AS",76
"ESC_KB3783AA_AS",125500,"ESC_KB3783AA_AS",87
"ESC_KB3935AA_AS",130350,"ESC_KB3935AA_AS",90
"ESC_KB3958AA_AS",125894,"ESC_KB3958AA_AS",87
"ESC_KB3963AA_AS",85685,"ESC_KB3963AA_AS",59
"ESC_KB3965AA_AS",89191,"ESC_KB3965AA_AS",62
"ESC_KB3979AA_AS",128679,"ESC_KB3979AA_AS",89
"ESC_KB3986AA_AS",92612,"ESC_KB3986AA_AS",64
"ESC_KB4003AA_AS",92463,"ESC_KB4003AA_AS",64
"ESC_KB4030AA_AS",129101,"ESC_KB4030AA_AS",89
"ESC_KB4123AA_AS",93726,"ESC_KB4123AA_AS",65
"ESC_KB4146AA_AS",117010,"ESC_KB4146AA_AS",81
"ESC_KB4162AA_AS",89332,"ESC_KB4162AA_AS",62
"ESC_KB4192AA_AS",124374,"ESC_KB4192AA_AS",86
"ESC_KB4202AA_AS",88752,"ESC_KB4202AA_AS",61
"ESC_KB4692AA_AS",89499,"ESC_KB4692AA_AS",62
"ESC_KB9700AA_AS",97470,"ESC_KB9700AA_AS",67
"ESC_KB9703AA_AS",129769,"ESC_KB9703AA_AS",90
"ESC_KB9714AA_AS",96817,"ESC_KB9714AA_AS",67
"ESC_KB9715AA_AS",98111,"ESC_KB9715AA_AS",68
"ESC_KB9716AA_AS",96823,"ESC_KB9716AA_AS",67
"ESC_KB9720AA_AS",96713,"ESC_KB9720AA_AS",67
"ESC_KB9721AA_AS",96713,"ESC_KB9721AA_AS",67
"ESC_KB9722AA_AS",96631,"ESC_KB9722AA_AS",67
"ESC_KB9725AA_AS",102242,"ESC_KB9725AA_AS",71
"ESC_KB9726AA_AS",129834,"ESC_KB9726AA_AS",90
"ESC_KB9729AA_AS",103366,"ESC_KB9729AA_AS",71
"ESC_KB9732AA_AS",129769,"ESC_KB9732AA_AS",90
"ESC_KB9734AA_AS",129686,"ESC_KB9734AA_AS",90
"ESC_KB9735AA_AS",96713,"ESC_KB9735AA_AS",67
"ESC_KB9751AA_AS",96713,"ESC_KB9751AA_AS",67
"ESC_KB9762AA_AS",96027,"ESC_KB9762AA_AS",66
"ESC_KB9767AA_AS",96027,"ESC_KB9767AA_AS",66
"ESC_KB9768AA_AS",95883,"ESC_KB9768AA_AS",66
"ESC_LA4536AA_AS",17115,"ESC_LA4536AA_AS",12
"ESC_LA4539AA_AS",33418,"ESC_LA4539AA_AS",23
"ESC_LA4540AA_AS",50671,"ESC_LA4540AA_AS",35
"ESC_LA5735AA_AS",17935,"ESC_LA5735AA_AS",12
"ESC_LA5763AA_AS",10551,"ESC_LA5763AA_AS",7
"ESC_LA5874AA_AS",92677,"ESC_LA5874AA_AS",64
"ESC_LA5890AA_AS",32224,"ESC_LA5890AA_AS",22
"ESC_LB0076AA_AS",125128,"ESC_LB0076AA_AS",86
"ESC_LB0314AA_AS",101242,"ESC_LB0314AA_AS",70
"ESC_LB0394AA_AS",14849,"ESC_LB0394AA_AS",10
"ESC_LB0440AA_AS",129695,"ESC_LB0440AA_AS",90
"ESC_LB0692AA_AS",14849,"ESC_LB0692AA_AS",10
"ESC_LB2789AA_AS",14849,"ESC_LB2789AA_AS",10
"ESC_LB6010AA_AS",31865,"ESC_LB6010AA_AS",22
"ESC_NA3970AA_AS",73683,"ESC_NA3970AA_AS",51
"ESC_NA3971AA_AS",121110,"ESC_NA3971AA_AS",84
"ESC_NA3972AA_AS",22089,"ESC_NA3972AA_AS",15
"ESC_NA3973AA_AS",129608,"ESC_NA3973AA_AS",89
"ESC_NA3974AA_AS",129935,"ESC_NA3974AA_AS",90
"ESC_NA3975AA_AS",130083,"ESC_NA3975AA_AS",90
"ESC_NA3976AA_AS",38427,"ESC_NA3976AA_AS",27
"ESC_NA3979AA_AS",36811,"ESC_NA3979AA_AS",25
"ESC_NA3980AA_AS",129024,"ESC_NA3980AA_AS",89
"ESC_NA3982AA_AS",129991,"ESC_NA3982AA_AS",90
"ESC_NA3983AA_AS",127096,"ESC_NA3983AA_AS",88
"ESC_NA3984AA_AS",99299,"ESC_NA3984AA_AS",69
"ESC_NA3985AA_AS",17657,"ESC_NA3985AA_AS",12
"ESC_NA3987AA_AS",123724,"ESC_NA3987AA_AS",85
"ESC_NA3988AA_AS",68379,"ESC_NA3988AA_AS",47
"ESC_NA3989AA_AS",127473,"ESC_NA3989AA_AS",88
"ESC_NA3990AA_AS",55142,"ESC_NA3990AA_AS",38
"ESC_NA3991AA_AS",99733,"ESC_NA3991AA_AS",69
"ESC_NA3992AA_AS",128308,"ESC_NA3992AA_AS",89
"ESC_NA3993AA_AS",129465,"ESC_NA3993AA_AS",89
"ESC_NA3994AA_AS",21346,"ESC_NA3994AA_AS",15
"ESC_NA3995AA_AS",12230,"ESC_NA3995AA_AS",8
"ESC_NA3996AA_AS",22881,"ESC_NA3996AA_AS",16
"ESC_NA3997AA_AS",15468,"ESC_NA3997AA_AS",11
"ESC_NA3999AA_AS",126495,"ESC_NA3999AA_AS",87
"ESC_NA4000AA_AS",128716,"ESC_NA4000AA_AS",89
"ESC_NA4001AA_AS",130464,"ESC_NA4001AA_AS",90
"ESC_NA4002AA_AS",129905,"ESC_NA4002AA_AS",90
"ESC_NA4003AA_AS",129135,"ESC_NA4003AA_AS",89
"ESC_NA4004AA_AS",129716,"ESC_NA4004AA_AS",90
"ESC_NA4005AA_AS",127379,"ESC_NA4005AA_AS",88
"ESC_NA4006AA_AS",3659,"ESC_NA4006AA_AS",3
"ESC_NA4008AA_AS",3659,"ESC_NA4008AA_AS",3
"ESC_NA4009AA_AS",6833,"ESC_NA4009AA_AS",5
"ESC_NA4010AA_AS",14849,"ESC_NA4010AA_AS",10
"ESC_NA4012AA_AS",26168,"ESC_NA4012AA_AS",18
"ESC_NA4013AA_AS",128284,"ESC_NA4013AA_AS",89
"ESC_NA4015AA_AS",48819,"ESC_NA4015AA_AS",34
"ESC_NA4016AA_AS",21346,"ESC_NA4016AA_AS",15
"ESC_NA4018AA_AS",14849,"ESC_NA4018AA_AS",10
"ESC_NA4019AA_AS",124594,"ESC_NA4019AA_AS",86
"ESC_NA4020AA_AS",35304,"ESC_NA4020AA_AS",24
"ESC_NA4021AA_AS",92330,"ESC_NA4021AA_AS",64
"ESC_NA4022AA_AS",21346,"ESC_NA4022AA_AS",15
"ESC_NA4023AA_AS",23666,"ESC_NA4023AA_AS",16
"ESC_NA4024AA_AS",131313,"ESC_NA4024AA_AS",91
"ESC_NA4025AA_AS",113255,"ESC_NA4025AA_AS",78
"ESC_NA4026AA_AS",22117,"ESC_NA4026AA_AS",15
"ESC_NA4027AA_AS",15620,"ESC_NA4027AA_AS",11
"ESC_NA4028AA_AS",129572,"ESC_NA4028AA_AS",89
"ESC_NA4029AA_AS",14849,"ESC_NA4029AA_AS",10
"ESC_NA4030AA_AS",130989,"ESC_NA4030AA_AS",90
"ESC_NA4031AA_AS",29060,"ESC_NA4031AA_AS",20
"ESC_NA4032AA_AS",106126,"ESC_NA4032AA_AS",73
"ESC_NA4033AA_AS",36336,"ESC_NA4033AA_AS",25
"ESC_NA4034AA_AS",23903,"ESC_NA4034AA_AS",17
"ESC_NA4035AA_AS",129834,"ESC_NA4035AA_AS",90
"ESC_NA4036AA_AS",125445,"ESC_NA4036AA_AS",87
"ESC_NA4037AA_AS",129442,"ESC_NA4037AA_AS",89
"ESC_NA4038AA_AS",15620,"ESC_NA4038AA_AS",11
"ESC_NA4040AA_AS",15620,"ESC_NA4040AA_AS",11
"ESC_NA4043AA_AS",126922,"ESC_NA4043AA_AS",88
"ESC_NA4044AA_AS",130011,"ESC_NA4044AA_AS",90
"ESC_NA4045AA_AS",126017,"ESC_NA4045AA_AS",87
"ESC_NA4046AA_AS",5759,"ESC_NA4046AA_AS",4
"ESC_NA4048AA_AS",134565,"ESC_NA4048AA_AS",93
"ESC_NA4049AA_AS",127259,"ESC_NA4049AA_AS",88
"ESC_NA4051AA_AS",16159,"ESC_NA4051AA_AS",11
"ESC_NA4052AA_AS",127833,"ESC_NA4052AA_AS",88
"ESC_NA4053AA_AS",122273,"ESC_NA4053AA_AS",84
"ESC_NA4054AA_AS",23768,"ESC_NA4054AA_AS",16
"ESC_NA4055AA_AS",129637,"ESC_NA4055AA_AS",89
"ESC_NA4056AA_AS",130116,"ESC_NA4056AA_AS",90
"ESC_NA4057AA_AS",125456,"ESC_NA4057AA_AS",87
"ESC_NA4058AA_AS",129587,"ESC_NA4058AA_AS",89
"ESC_NA4059AA_AS",123511,"ESC_NA4059AA_AS",85
"ESC_NA4060AA_AS",122915,"ESC_NA4060AA_AS",85
"ESC_NA4061AA_AS",127823,"ESC_NA4061AA_AS",88
"ESC_NA4062AA_AS",17633,"ESC_NA4062AA_AS",12
"ESC_NA4063AA_AS",129877,"ESC_NA4063AA_AS",90
"ESC_NA4064AA_AS",29663,"ESC_NA4064AA_AS",20
"ESC_NA4065AA_AS",16696,"ESC_NA4065AA_AS",12
"ESC_NA4066AA_AS",127683,"ESC_NA4066AA_AS",88
"ESC_NA4067AA_AS",129668,"ESC_NA4067AA_AS",90
"ESC_NA4068AA_AS",130044,"ESC_NA4068AA_AS",90
"ESC_NA4069AA_AS",129090,"ESC_NA4069AA_AS",89
"ESC_NA4070AA_AS",129836,"ESC_NA4070AA_AS",90
"ESC_NA4071AA_AS",129021,"ESC_NA4071AA_AS",89
"ESC_NA4072AA_AS",129252,"ESC_NA4072AA_AS",89
"ESC_PA1111AA_AS",21611,"ESC_PA1111AA_AS",15
"ESC_PA1355AA_AS",14849,"ESC_PA1355AA_AS",10
"ESC_PA1356AA_AS",41228,"ESC_PA1356AA_AS",28
"ESC_PA7839AA_AS",107908,"ESC_PA7839AA_AS",74
"ESC_QA2182AA_AS",22284,"ESC_QA2182AA_AS",15
"ESC_QA2890AA_AS",107000,"ESC_QA2890AA_AS",74
"ESC_QA3565AA_AS",33608,"ESC_QA3565AA_AS",23
"ESC_QA3671AA_AS",128085,"ESC_QA3671AA_AS",88
"ESC_QA3675AA_AS",93557,"ESC_QA3675AA_AS",65
"ESC_QA3677AA_AS",31903,"ESC_QA3677AA_AS",22
"ESC_QA5163AA_AS",22525,"ESC_QA5163AA_AS",16
"ESC_QA5188AA_AS",115319,"ESC_QA5188AA_AS",80
"ESC_QA5199AA_AS",28472,"ESC_QA5199AA_AS",20
"ESC_QA5208AA_AS",28952,"ESC_QA5208AA_AS",20
"ESC_QA5378AA_AS",14849,"ESC_QA5378AA_AS",10
"ESC_QA5479AA_AS",28471,"ESC_QA5479AA_AS",20
"ESC_QA5498AA_AS",21344,"ESC_QA5498AA_AS",15
"ESC_QA5539AA_AS",42364,"ESC_QA5539AA_AS",29
"ESC_QA5645AA_AS",39475,"ESC_QA5645AA_AS",27
"ESC_QA5905AA_AS",32545,"ESC_QA5905AA_AS",22
"ESC_QA5908AA_AS",22747,"ESC_QA5908AA_AS",16
"ESC_QA5919AA_AS",128765,"ESC_QA5919AA_AS",89
"ESC_QA6460AA_AS",28283,"ESC_QA6460AA_AS",20
"ESC_QA6616AA_AS",27391,"ESC_QA6616AA_AS",19
"ESC_QA6930AA_AS",32611,"ESC_QA6930AA_AS",23
"ESC_QA7345AA_AS",16771,"ESC_QA7345AA_AS",12
"ESC_QA7385AA_AS",42664,"ESC_QA7385AA_AS",29
"ESC_QA7392AA_AS",26168,"ESC_QA7392AA_AS",18
"ESC_QA7436AA_AS",16771,"ESC_QA7436AA_AS",12
"ESC_QA7440AA_AS",26168,"ESC_QA7440AA_AS",18
"ESC_QA7446AA_AS",128846,"ESC_QA7446AA_AS",89
"ESC_QA7591AA_AS",118950,"ESC_QA7591AA_AS",82
"ESC_QA7811AA_AS",22110,"ESC_QA7811AA_AS",15
"ESC_QA7860AA_AS",90219,"ESC_QA7860AA_AS",62
"ESC_QA7877AA_AS",24865,"ESC_QA7877AA_AS",17
"ESC_QA7878AA_AS",24889,"ESC_QA7878AA_AS",17
"ESC_QA7942AA_AS",97206,"ESC_QA7942AA_AS",67
"ESC_QA7947AA_AS",23449,"ESC_QA7947AA_AS",16
"ESC_QA7981AA_AS",29133,"ESC_QA7981AA_AS",20
"ESC_QA8120AA_AS",22810,"ESC_QA8120AA_AS",16
"ESC_QA8121AA_AS",74229,"ESC_QA8121AA_AS",51
"ESC_QA8168AA_AS",65997,"ESC_QA8168AA_AS",46
"ESC_QA8186AA_AS",14849,"ESC_QA8186AA_AS",10
"ESC_QA8859AA_AS",21078,"ESC_QA8859AA_AS",15
"ESC_QA8947AA_AS",22110,"ESC_QA8947AA_AS",15
"ESC_QA8948AA_AS",14849,"ESC_QA8948AA_AS",10
"ESC_QA8950AA_AS",20242,"ESC_QA8950AA_AS",14
"ESC_QA8963AA_AS",45946,"ESC_QA8963AA_AS",32
"ESC_QA9416AA_AS",23349,"ESC_QA9416AA_AS",16
"ESC_QA9654AA_AS",97598,"ESC_QA9654AA_AS",67
"ESC_RA0152AA_AS",21495,"ESC_RA0152AA_AS",15
"ESC_RA4044AA_AS",108339,"ESC_RA4044AA_AS",75
"ESC_RA4047AA_AS",118158,"ESC_RA4047AA_AS",82
"ESC_RA4048AA_AS",103288,"ESC_RA4048AA_AS",71
"ESC_RA4050AA_AS",118717,"ESC_RA4050AA_AS",82
"ESC_RA4068AA_AS",118397,"ESC_RA4068AA_AS",82
"ESC_RA4278AA_AS",130348,"ESC_RA4278AA_AS",90
"ESC_RA4281AA_AS",130348,"ESC_RA4281AA_AS",90
"ESC_RA4508AA_AS",7051,"ESC_RA4508AA_AS",5
"ESC_RA7116AA_AS",93061,"ESC_RA7116AA_AS",64
"ESC_SA0482AA_AS",37898,"ESC_SA0482AA_AS",26
"ESC_SA0489AA_AS",33174,"ESC_SA0489AA_AS",23
"ESC_SA2297AA_AS",22568,"ESC_SA2297AA_AS",16
"ESC_SA2410AA_AS",3659,"ESC_SA2410AA_AS",3
"ESC_SA2728AA_AS",17962,"ESC_SA2728AA_AS",12
"ESC_SA2788AA_AS",126650,"ESC_SA2788AA_AS",87
"ESC_SA3661AA_AS",130347,"ESC_SA3661AA_AS",90
"ESC_SA4839AA_AS",130167,"ESC_SA4839AA_AS",90
"ESC_SA5048AA_AS",6303,"ESC_SA5048AA_AS",4
"ESC_SA6572AA_AS",17115,"ESC_SA6572AA_AS",12
"ESC_SA8243AA_AS",126058,"ESC_SA8243AA_AS",87
"ESC_SA8250AA_AS",125069,"ESC_SA8250AA_AS",86
"ESC_SA8273AA_AS",123738,"ESC_SA8273AA_AS",85
"ESC_SA8291AA_AS",127651,"ESC_SA8291AA_AS",88
"ESC_SA8296AA_AS",128585,"ESC_SA8296AA_AS",89
"ESC_SA8301AA_AS",133733,"ESC_SA8301AA_AS",92
"ESC_SA8312AA_AS",83452,"ESC_SA8312AA_AS",58
"ESC_TA2365AA_AS",11108,"ESC_TA2365AA_AS",8
"ESC_TA2436AA_AS",17850,"ESC_TA2436AA_AS",12
"ESC_TA2839AA_AS",129504,"ESC_TA2839AA_AS",89
"ESC_TA7147AA_AS",99060,"ESC_TA7147AA_AS",68
"ESC_TA7169AA_AS",127357,"ESC_TA7169AA_AS",88
"ESC_TA8195AA_AS",129595,"ESC_TA8195AA_AS",89
"ESC_TA8466AA_AS",17924,"ESC_TA8466AA_AS",12
"ESC_TA8684AA_AS",120379,"ESC_TA8684AA_AS",83
"ESC_TA8693AA_AS",17633,"ESC_TA8693AA_AS",12
"ESC_TA8694AA_AS",110014,"ESC_TA8694AA_AS",76
"ESC_TA8695AA_AS",14849,"ESC_TA8695AA_AS",10
"ESC_TA8696AA_AS",14849,"ESC_TA8696AA_AS",10
"ESC_TA8698AA_AS",15620,"ESC_TA8698AA_AS",11
"ESC_TA8700AA_AS",14849,"ESC_TA8700AA_AS",10
"ESC_TA8706AA_AS",14849,"ESC_TA8706AA_AS",10
"ESC_TA8708AA_AS",24859,"ESC_TA8708AA_AS",17
"ESC_TA8713AA_AS",14849,"ESC_TA8713AA_AS",10
"ESC_TA8716AA_AS",14849,"ESC_TA8716AA_AS",10
"ESC_TA8717AA_AS",14849,"ESC_TA8717AA_AS",10
"ESC_TA8724AA_AS",38038,"ESC_TA8724AA_AS",26
"ESC_TA8730AA_AS",14849,"ESC_TA8730AA_AS",10
"ESC_TA8731AA_AS",51134,"ESC_TA8731AA_AS",35
"ESC_TA8792AA_AS",17153,"ESC_TA8792AA_AS",12
"ESC_TA8927AA_AS",129687,"ESC_TA8927AA_AS",90
"ESC_TA9938AA_AS",18996,"ESC_TA9938AA_AS",13
"ESC_UA1505AA_AS",126861,"ESC_UA1505AA_AS",88
"ESC_UA1831AA_AS",35814,"ESC_UA1831AA_AS",25
"ESC_VA0598AA_AS",130330,"ESC_VA0598AA_AS",90
"ESC_VA1064AA_AS",116439,"ESC_VA1064AA_AS",80
"ESC_VA3679AA_AS",85595,"ESC_VA3679AA_AS",59
"ESC_VA4677AA_AS",123661,"ESC_VA4677AA_AS",85
"ESC_VA5393AA_AS",33608,"ESC_VA5393AA_AS",23
"ESC_VA7372AA_AS",37039,"ESC_VA7372AA_AS",26
"ESC_WA0219AA_AS",21741,"ESC_WA0219AA_AS",15
"ESC_WA0222AA_AS",23144,"ESC_WA0222AA_AS",16
"ESC_WA1915AA_AS",122967,"ESC_WA1915AA_AS",85
"ESC_WA2637AA_AS",96662,"ESC_WA2637AA_AS",67
"ESC_WA2654AA_AS",97369,"ESC_WA2654AA_AS",67
"ESC_WA2657AA_AS",97369,"ESC_WA2657AA_AS",67
"ESC_WA2664AA_AS",97369,"ESC_WA2664AA_AS",67
"ESC_WA2673AA_AS",129769,"ESC_WA2673AA_AS",90
"ESC_WA6850AA_AS",23601,"ESC_WA6850AA_AS",16
"ESC_WA6851AA_AS",25400,"ESC_WA6851AA_AS",18
"ESC_WA6852AA_AS",3659,"ESC_WA6852AA_AS",3
"ESC_WA6853AA_AS",18717,"ESC_WA6853AA_AS",13
"ESC_WA6854AA_AS",35196,"ESC_WA6854AA_AS",24
"ESC_WA6855AA_AS",35645,"ESC_WA6855AA_AS",25
"ESC_WA6856AA_AS",25400,"ESC_WA6856AA_AS",18
"ESC_WA6857AA_AS",29360,"ESC_WA6857AA_AS",20
"ESC_WA6859AA_AS",125675,"ESC_WA6859AA_AS",87
"ESC_WA6860AA_AS",17111,"ESC_WA6860AA_AS",12
"ESC_WA6886AA_AS",128211,"ESC_WA6886AA_AS",89
"ESC_WA6887AA_AS",31534,"ESC_WA6887AA_AS",22
"ESC_WA6888AA_AS",24785,"ESC_WA6888AA_AS",17
"ESC_WA6922AA_AS",124270,"ESC_WA6922AA_AS",86
"ESC_WA6923AA_AS",3659,"ESC_WA6923AA_AS",3
"ESC_WA6924AA_AS",20115,"ESC_WA6924AA_AS",14
"ESC_WA6925AA_AS",17969,"ESC_WA6925AA_AS",12
"ESC_WA6926AA_AS",126005,"ESC_WA6926AA_AS",87
"ESC_WA6927AA_AS",18559,"ESC_WA6927AA_AS",13
"ESC_WA6928AA_AS",17633,"ESC_WA6928AA_AS",12
"ESC_WA6929AA_AS",17870,"ESC_WA6929AA_AS",12
"ESC_WA6932AA_AS",126355,"ESC_WA6932AA_AS",87
"ESC_WA6933AA_AS",16974,"ESC_WA6933AA_AS",12
"ESC_WA6970AA_AS",20162,"ESC_WA6970AA_AS",14
"ESC_WA6971AA_AS",20546,"ESC_WA6971AA_AS",14
"ESC_WA6972AA_AS",113660,"ESC_WA6972AA_AS",78
"ESC_WA6975AA_AS",17097,"ESC_WA6975AA_AS",12
"ESC_WA6976AA_AS",16937,"ESC_WA6976AA_AS",12
"ESC_WA6977AA_AS",123304,"ESC_WA6977AA_AS",85
"ESC_WA6979AA_AS",17418,"ESC_WA6979AA_AS",12
"ESC_WA9611AA_AS",90299,"ESC_WA9611AA_AS",62
"ESC_WA9986AA_AS",128592,"ESC_WA9986AA_AS",89
"ESC_XA0482AA_AS",127872,"ESC_XA0482AA_AS",88
"ESC_XA1004AA_AS",17137,"ESC_XA1004AA_AS",12
"ESC_XA1018AA_AS",17153,"ESC_XA1018AA_AS",12
"ESC_XA1050AA_AS",116653,"ESC_XA1050AA_AS",81
"ESC_XA1055AA_AS",124972,"ESC_XA1055AA_AS",86
"ESC_XA1066AA_AS",17931,"ESC_XA1066AA_AS",12
"ESC_XA1076AA_AS",18224,"ESC_XA1076AA_AS",13
"ESC_XA1079AA_AS",21873,"ESC_XA1079AA_AS",15
"ESC_XA1089AA_AS",17916,"ESC_XA1089AA_AS",12
"ESC_XA1108AA_AS",14849,"ESC_XA1108AA_AS",10
"ESC_XA1114AA_AS",12314,"ESC_XA1114AA_AS",9
"ESC_XA1115AA_AS",6300,"ESC_XA1115AA_AS",4
"ESC_XA1126AA_AS",128598,"ESC_XA1126AA_AS",89
"ESC_XA1127AA_AS",25336,"ESC_XA1127AA_AS",17
"ESC_XA1135AA_AS",124111,"ESC_XA1135AA_AS",86
"ESC_XA1141AA_AS",68977,"ESC_XA1141AA_AS",48
"ESC_XA1146AA_AS",35497,"ESC_XA1146AA_AS",25
"ESC_XA1150AA_AS",14849,"ESC_XA1150AA_AS",10
"ESC_XA1159AA_AS",130151,"ESC_XA1159AA_AS",90
"ESC_XA1162AA_AS",17139,"ESC_XA1162AA_AS",12
"ESC_XA1186AA_AS",28482,"ESC_XA1186AA_AS",20
"ESC_XA1205AA_AS",14849,"ESC_XA1205AA_AS",10
"ESC_XA1222AA_AS",125930,"ESC_XA1222AA_AS",87
"ESC_XA1223AA_AS",17153,"ESC_XA1223AA_AS",12
"ESC_XA1224AA_AS",14849,"ESC_XA1224AA_AS",10
"ESC_XA1239AA_AS",14849,"ESC_XA1239AA_AS",10
"ESC_XA1243AA_AS",14849,"ESC_XA1243AA_AS",10
"ESC_XA1246AA_AS",17633,"ESC_XA1246AA_AS",12
"ESC_XA1253AA_AS",17153,"ESC_XA1253AA_AS",12
"ESC_XA1273AA_AS",124432,"ESC_XA1273AA_AS",86
"ESC_XA1274AA_AS",14849,"ESC_XA1274AA_AS",10
"ESC_XA1293AA_AS",14849,"ESC_XA1293AA_AS",10
"ESC_XA1294AA_AS",14849,"ESC_XA1294AA_AS",10
"ESC_XA1311AA_AS",27382,"ESC_XA1311AA_AS",19
"ESC_XA1313AA_AS",30604,"ESC_XA1313AA_AS",21
"ESC_XA1321AA_AS",17931,"ESC_XA1321AA_AS",12
"ESC_XA1348AA_AS",99180,"ESC_XA1348AA_AS",68
"ESC_XA1350AA_AS",129412,"ESC_XA1350AA_AS",89
"ESC_XA1359AA_AS",124291,"ESC_XA1359AA_AS",86
"ESC_XA1360AA_AS",23295,"ESC_XA1360AA_AS",16
"ESC_XA1375AA_AS",14849,"ESC_XA1375AA_AS",10
"ESC_XA1381AA_AS",11689,"ESC_XA1381AA_AS",8
"ESC_XA1384AA_AS",28498,"ESC_XA1384AA_AS",20
"ESC_XA1393AA_AS",106626,"ESC_XA1393AA_AS",74
"ESC_XA1397AA_AS",131267,"ESC_XA1397AA_AS",91
"ESC_XA1403AA_AS",128836,"ESC_XA1403AA_AS",89
"ESC_XA1408AA_AS",122354,"ESC_XA1408AA_AS",84
"ESC_XA4718AA_AS",22109,"ESC_XA4718AA_AS",15
"ESC_XA7358AA_AS",123641,"ESC_XA7358AA_AS",85
"ESC_XA8795AA_AS",14849,"ESC_XA8795AA_AS",10
"ESC_YA6556AA_AS",14849,"ESC_YA6556AA_AS",10
"ESC_ZA6514AA_AS",33608,"ESC_ZA6514AA_AS",23
"ESC_ZA9457AA_AS",32130,"ESC_ZA9457AA_AS",22
