"","pEC244_2","working_name","Percent_hit"
"ESC_AA7971AA_AS",15325,"ESC_AA7971AA_AS",10
"ESC_AA9421AA_AS",100561,"ESC_AA9421AA_AS",63
"ESC_BA0967AA_AS",12803,"ESC_BA0967AA_AS",8
"ESC_BA1000AA_AS",25766,"ESC_BA1000AA_AS",16
"ESC_BA1242AA_AS",5738,"ESC_BA1242AA_AS",4
"ESC_BA1451AA_AS",25244,"ESC_BA1451AA_AS",16
"ESC_BA2267AA_AS",36439,"ESC_BA2267AA_AS",23
"ESC_BA2574AA_AS",22560,"ESC_BA2574AA_AS",14
"ESC_BA3061AA_AS",22976,"ESC_BA3061AA_AS",14
"ESC_BA3227AA_AS",5738,"ESC_BA3227AA_AS",4
"ESC_BA3967AA_AS",5738,"ESC_BA3967AA_AS",4
"ESC_BA4108AA_AS",116356,"ESC_BA4108AA_AS",73
"ESC_BA4389AA_AS",93780,"ESC_BA4389AA_AS",59
"ESC_BA5185AA_AS",14210,"ESC_BA5185AA_AS",9
"ESC_BA5541AA_AS",31217,"ESC_BA5541AA_AS",20
"ESC_BA6731AA_AS",21828,"ESC_BA6731AA_AS",14
"ESC_BA7454AA_AS",21020,"ESC_BA7454AA_AS",13
"ESC_BA7761AA_AS",31217,"ESC_BA7761AA_AS",20
"ESC_BA8039AA_AS",63450,"ESC_BA8039AA_AS",40
"ESC_BA8085AA_AS",97036,"ESC_BA8085AA_AS",61
"ESC_BA8137AA_AS",94325,"ESC_BA8137AA_AS",59
"ESC_BA8190AA_AS",96890,"ESC_BA8190AA_AS",61
"ESC_BA8258AA_AS",25937,"ESC_BA8258AA_AS",16
"ESC_BA8511AA_AS",104046,"ESC_BA8511AA_AS",65
"ESC_CA0637AA_AS",48139,"ESC_CA0637AA_AS",30
"ESC_CA0677AA_AS",25564,"ESC_CA0677AA_AS",16
"ESC_CA0894AA_AS",41107,"ESC_CA0894AA_AS",26
"ESC_CA0987AA_AS",6959,"ESC_CA0987AA_AS",4
"ESC_CA1134AA_AS",28996,"ESC_CA1134AA_AS",18
"ESC_CA1554AA_AS",94563,"ESC_CA1554AA_AS",60
"ESC_CA2031AA_AS",96505,"ESC_CA2031AA_AS",61
"ESC_CA2085AA_AS",88346,"ESC_CA2085AA_AS",56
"ESC_CA2243AA_AS",9919,"ESC_CA2243AA_AS",6
"ESC_CA2638AA_AS",88755,"ESC_CA2638AA_AS",56
"ESC_CA2654AA_AS",6960,"ESC_CA2654AA_AS",4
"ESC_CA2708AA_AS",52159,"ESC_CA2708AA_AS",33
"ESC_CA2713AA_AS",30395,"ESC_CA2713AA_AS",19
"ESC_CA2823AA_AS",17624,"ESC_CA2823AA_AS",11
"ESC_CA3069AA_AS",96594,"ESC_CA3069AA_AS",61
"ESC_CA3085AA_AS",26555,"ESC_CA3085AA_AS",17
"ESC_CA3089AA_AS",94853,"ESC_CA3089AA_AS",60
"ESC_CA3176AA_AS",25865,"ESC_CA3176AA_AS",16
"ESC_CA3553AA_AS",142921,"ESC_CA3553AA_AS",90
"ESC_CA3698AA_AS",60394,"ESC_CA3698AA_AS",38
"ESC_CA4056AA_AS",107448,"ESC_CA4056AA_AS",68
"ESC_CA4172AA_AS",96814,"ESC_CA4172AA_AS",61
"ESC_CA4203AA_AS",97985,"ESC_CA4203AA_AS",62
"ESC_CA4416AA_AS",99769,"ESC_CA4416AA_AS",63
"ESC_CA4774AA_AS",28488,"ESC_CA4774AA_AS",18
"ESC_CA4830AA_AS",22745,"ESC_CA4830AA_AS",14
"ESC_CA4887AA_AS",97624,"ESC_CA4887AA_AS",61
"ESC_CA4893AA_AS",114392,"ESC_CA4893AA_AS",72
"ESC_CA5088AA_AS",22745,"ESC_CA5088AA_AS",14
"ESC_CA5131AA_AS",95709,"ESC_CA5131AA_AS",60
"ESC_CA5222AA_AS",99951,"ESC_CA5222AA_AS",63
"ESC_CA5420AA_AS",21845,"ESC_CA5420AA_AS",14
"ESC_CA5467AA_AS",98427,"ESC_CA5467AA_AS",62
"ESC_CA5548AA_AS",94228,"ESC_CA5548AA_AS",59
"ESC_CA5584AA_AS",89070,"ESC_CA5584AA_AS",56
"ESC_CA5697AA_AS",97320,"ESC_CA5697AA_AS",61
"ESC_CA5710AA_AS",101082,"ESC_CA5710AA_AS",64
"ESC_CA5916AA_AS",67671,"ESC_CA5916AA_AS",43
"ESC_CA5933AA_AS",99257,"ESC_CA5933AA_AS",62
"ESC_CA6119AA_AS",102045,"ESC_CA6119AA_AS",64
"ESC_CA6132AA_AS",25958,"ESC_CA6132AA_AS",16
"ESC_CA6171AA_AS",38585,"ESC_CA6171AA_AS",24
"ESC_CA6221AA_AS",96784,"ESC_CA6221AA_AS",61
"ESC_CA6245AA_AS",98454,"ESC_CA6245AA_AS",62
"ESC_CA6287AA_AS",99775,"ESC_CA6287AA_AS",63
"ESC_CA6295AA_AS",34257,"ESC_CA6295AA_AS",22
"ESC_CA6692AA_AS",31217,"ESC_CA6692AA_AS",20
"ESC_CA6770AA_AS",97314,"ESC_CA6770AA_AS",61
"ESC_CB2269AA_AS",19997,"ESC_CB2269AA_AS",13
"ESC_CB2297AA_AS",22745,"ESC_CB2297AA_AS",14
"ESC_CB2309AA_AS",52637,"ESC_CB2309AA_AS",33
"ESC_CB2317AA_AS",98830,"ESC_CB2317AA_AS",62
"ESC_CB2345AA_AS",32036,"ESC_CB2345AA_AS",20
"ESC_CB2384AA_AS",95180,"ESC_CB2384AA_AS",60
"ESC_CB2447AA_AS",94200,"ESC_CB2447AA_AS",59
"ESC_CB2459AA_AS",92273,"ESC_CB2459AA_AS",58
"ESC_CB7223AA_AS",96966,"ESC_CB7223AA_AS",61
"ESC_CB8726AA_AS",52219,"ESC_CB8726AA_AS",33
"ESC_CB8729AA_AS",99122,"ESC_CB8729AA_AS",62
"ESC_CB8822AA_AS",96105,"ESC_CB8822AA_AS",60
"ESC_CB8832AA_AS",41945,"ESC_CB8832AA_AS",26
"ESC_CB8888AA_AS",98959,"ESC_CB8888AA_AS",62
"ESC_CB8931AA_AS",98860,"ESC_CB8931AA_AS",62
"ESC_CB9097AA_AS",105809,"ESC_CB9097AA_AS",67
"ESC_CB9169AA_AS",41971,"ESC_CB9169AA_AS",26
"ESC_FA1638AA_AS",79151,"ESC_FA1638AA_AS",50
"ESC_FA6906AA_AS",38743,"ESC_FA6906AA_AS",24
"ESC_FA6908AA_AS",23338,"ESC_FA6908AA_AS",15
"ESC_FA7190AA_AS",94653,"ESC_FA7190AA_AS",60
"ESC_FA8050AA_AS",62833,"ESC_FA8050AA_AS",40
"ESC_FB3739AA_AS",36524,"ESC_FB3739AA_AS",23
"ESC_FB7924AA_AS",75767,"ESC_FB7924AA_AS",48
"ESC_FB9215AA_AS",112173,"ESC_FB9215AA_AS",71
"ESC_FB9587AA_AS",91966,"ESC_FB9587AA_AS",58
"ESC_FB9640AA_AS",67376,"ESC_FB9640AA_AS",42
"ESC_FB9641AA_AS",20715,"ESC_FB9641AA_AS",13
"ESC_FB9675AA_AS",16256,"ESC_FB9675AA_AS",10
"ESC_FB9847AA_AS",22745,"ESC_FB9847AA_AS",14
"ESC_GA5350AA_AS",97136,"ESC_GA5350AA_AS",61
"ESC_GA5351AA_AS",27973,"ESC_GA5351AA_AS",18
"ESC_GA8819AA_AS",27077,"ESC_GA8819AA_AS",17
"ESC_GA8857AA_AS",97877,"ESC_GA8857AA_AS",62
"ESC_GA9224AA_AS",29382,"ESC_GA9224AA_AS",18
"ESC_GA9272AA_AS",25728,"ESC_GA9272AA_AS",16
"ESC_GB3527AA_AS",110216,"ESC_GB3527AA_AS",69
"ESC_GB3799AA_AS",28624,"ESC_GB3799AA_AS",18
"ESC_GB3897AA_AS",36205,"ESC_GB3897AA_AS",23
"ESC_GB3934AA_AS",23338,"ESC_GB3934AA_AS",15
"ESC_GB5978AA_AS",28813,"ESC_GB5978AA_AS",18
"ESC_GB6068AA_AS",31217,"ESC_GB6068AA_AS",20
"ESC_GB6087AA_AS",108480,"ESC_GB6087AA_AS",68
"ESC_GB6457AA_AS",93405,"ESC_GB6457AA_AS",59
"ESC_GB6463AA_AS",111367,"ESC_GB6463AA_AS",70
"ESC_GB6540AA_AS",96340,"ESC_GB6540AA_AS",61
"ESC_GB6614AA_AS",25173,"ESC_GB6614AA_AS",16
"ESC_GB6618AA_AS",99163,"ESC_GB6618AA_AS",62
"ESC_GB6690AA_AS",21924,"ESC_GB6690AA_AS",14
"ESC_GB6695AA_AS",62961,"ESC_GB6695AA_AS",40
"ESC_GB6696AA_AS",25535,"ESC_GB6696AA_AS",16
"ESC_GB6889AA_AS",103628,"ESC_GB6889AA_AS",65
"ESC_GB6892AA_AS",82703,"ESC_GB6892AA_AS",52
"ESC_GB6898AA_AS",23335,"ESC_GB6898AA_AS",15
"ESC_GB6899AA_AS",98712,"ESC_GB6899AA_AS",62
"ESC_GB6901AA_AS",103146,"ESC_GB6901AA_AS",65
"ESC_GB6906AA_AS",31217,"ESC_GB6906AA_AS",20
"ESC_GB6943AA_AS",101173,"ESC_GB6943AA_AS",64
"ESC_GB6953AA_AS",25360,"ESC_GB6953AA_AS",16
"ESC_GB9758AA_AS",95739,"ESC_GB9758AA_AS",60
"ESC_GB9956AA_AS",40289,"ESC_GB9956AA_AS",25
"ESC_HA0198AA_AS",25226,"ESC_HA0198AA_AS",16
"ESC_HA0238AA_AS",34890,"ESC_HA0238AA_AS",22
"ESC_HA0246AA_AS",22745,"ESC_HA0246AA_AS",14
"ESC_HA0364AA_AS",95404,"ESC_HA0364AA_AS",60
"ESC_HA0689AA_AS",32126,"ESC_HA0689AA_AS",20
"ESC_HA1968AA_AS",96117,"ESC_HA1968AA_AS",60
"ESC_HA2055AA_AS",25720,"ESC_HA2055AA_AS",16
"ESC_HA4979AA_AS",104888,"ESC_HA4979AA_AS",66
"ESC_HA5006AA_AS",104504,"ESC_HA5006AA_AS",66
"ESC_HA5023AA_AS",99901,"ESC_HA5023AA_AS",63
"ESC_HA5031AA_AS",29439,"ESC_HA5031AA_AS",19
"ESC_HA5037AA_AS",95889,"ESC_HA5037AA_AS",60
"ESC_HA5043AA_AS",20866,"ESC_HA5043AA_AS",13
"ESC_HA5076AA_AS",97847,"ESC_HA5076AA_AS",62
"ESC_HA5094AA_AS",26530,"ESC_HA5094AA_AS",17
"ESC_HA5098AA_AS",22745,"ESC_HA5098AA_AS",14
"ESC_HA5111AA_AS",105386,"ESC_HA5111AA_AS",66
"ESC_HA5117AA_AS",22745,"ESC_HA5117AA_AS",14
"ESC_HA5121AA_AS",26113,"ESC_HA5121AA_AS",16
"ESC_HA5136AA_AS",17672,"ESC_HA5136AA_AS",11
"ESC_HA5149AA_AS",96278,"ESC_HA5149AA_AS",61
"ESC_HA5153AA_AS",100716,"ESC_HA5153AA_AS",63
"ESC_HA5174AA_AS",97624,"ESC_HA5174AA_AS",61
"ESC_HA5557AA_AS",37752,"ESC_HA5557AA_AS",24
"ESC_HA5565AA_AS",35153,"ESC_HA5565AA_AS",22
"ESC_HA5568AA_AS",37752,"ESC_HA5568AA_AS",24
"ESC_HA5570AA_AS",115743,"ESC_HA5570AA_AS",73
"ESC_HA5572AA_AS",35128,"ESC_HA5572AA_AS",22
"ESC_HA5579AA_AS",38585,"ESC_HA5579AA_AS",24
"ESC_HA5580AA_AS",27883,"ESC_HA5580AA_AS",18
"ESC_HA5591AA_AS",19960,"ESC_HA5591AA_AS",13
"ESC_HA5615AA_AS",98057,"ESC_HA5615AA_AS",62
"ESC_HA5663AA_AS",97000,"ESC_HA5663AA_AS",61
"ESC_HA5665AA_AS",40599,"ESC_HA5665AA_AS",26
"ESC_HA5683AA_AS",23097,"ESC_HA5683AA_AS",15
"ESC_HA5800AA_AS",107380,"ESC_HA5800AA_AS",68
"ESC_HA6332AA_AS",98751,"ESC_HA6332AA_AS",62
"ESC_HA6342AA_AS",96174,"ESC_HA6342AA_AS",61
"ESC_HA6411AA_AS",100975,"ESC_HA6411AA_AS",64
"ESC_HA6413AA_AS",96764,"ESC_HA6413AA_AS",61
"ESC_HA6418AA_AS",98529,"ESC_HA6418AA_AS",62
"ESC_HA6420AA_AS",99482,"ESC_HA6420AA_AS",63
"ESC_HA7812AA_AS",103835,"ESC_HA7812AA_AS",65
"ESC_HA7918AA_AS",56498,"ESC_HA7918AA_AS",36
"ESC_HA7931AA_AS",85045,"ESC_HA7931AA_AS",54
"ESC_HA8230AA_AS",34151,"ESC_HA8230AA_AS",21
"ESC_HA8271AA_AS",5738,"ESC_HA8271AA_AS",4
"ESC_HA8279AA_AS",25897,"ESC_HA8279AA_AS",16
"ESC_HA8369AA_AS",95622,"ESC_HA8369AA_AS",60
"ESC_HA8540AA_AS",96852,"ESC_HA8540AA_AS",61
"ESC_HA9073AA_AS",78231,"ESC_HA9073AA_AS",49
"ESC_HB0486AA_AS",25907,"ESC_HB0486AA_AS",16
"ESC_HB8007AA_AS",96087,"ESC_HB8007AA_AS",60
"ESC_HB8577AA_AS",120562,"ESC_HB8577AA_AS",76
"ESC_IA0801AA_AS",28872,"ESC_IA0801AA_AS",18
"ESC_IA0804AA_AS",102508,"ESC_IA0804AA_AS",65
"ESC_IA0811AA_AS",97702,"ESC_IA0811AA_AS",61
"ESC_IA0816AA_AS",30304,"ESC_IA0816AA_AS",19
"ESC_IA1449AA_AS",22745,"ESC_IA1449AA_AS",14
"ESC_IA2216AA_AS",22745,"ESC_IA2216AA_AS",14
"ESC_IA2220AA_AS",104394,"ESC_IA2220AA_AS",66
"ESC_IA2221AA_AS",22745,"ESC_IA2221AA_AS",14
"ESC_IA2225AA_AS",21867,"ESC_IA2225AA_AS",14
"ESC_IA2226AA_AS",21867,"ESC_IA2226AA_AS",14
"ESC_IA2233AA_AS",97706,"ESC_IA2233AA_AS",61
"ESC_IA2239AA_AS",5738,"ESC_IA2239AA_AS",4
"ESC_IA2257AA_AS",95686,"ESC_IA2257AA_AS",60
"ESC_IA2262AA_AS",16151,"ESC_IA2262AA_AS",10
"ESC_IA2264AA_AS",23955,"ESC_IA2264AA_AS",15
"ESC_IA2269AA_AS",105737,"ESC_IA2269AA_AS",67
"ESC_IB6001AA_AS",93380,"ESC_IB6001AA_AS",59
"ESC_IB6595AA_AS",26238,"ESC_IB6595AA_AS",17
"ESC_IB6619AA_AS",95220,"ESC_IB6619AA_AS",60
"ESC_IB6797AA_AS",89851,"ESC_IB6797AA_AS",57
"ESC_IB7362AA_AS",25869,"ESC_IB7362AA_AS",16
"ESC_IB7375AA_AS",93335,"ESC_IB7375AA_AS",59
"ESC_IB7386AA_AS",87554,"ESC_IB7386AA_AS",55
"ESC_IB7413AA_AS",93380,"ESC_IB7413AA_AS",59
"ESC_IB7420AA_AS",38585,"ESC_IB7420AA_AS",24
"ESC_IB7431AA_AS",26238,"ESC_IB7431AA_AS",17
"ESC_IB7433AA_AS",22745,"ESC_IB7433AA_AS",14
"ESC_IB7438AA_AS",28320,"ESC_IB7438AA_AS",18
"ESC_IB7443AA_AS",120822,"ESC_IB7443AA_AS",76
"ESC_IB7449AA_AS",29522,"ESC_IB7449AA_AS",19
"ESC_IB7459AA_AS",25894,"ESC_IB7459AA_AS",16
"ESC_IB7463AA_AS",33170,"ESC_IB7463AA_AS",21
"ESC_IB7465AA_AS",121901,"ESC_IB7465AA_AS",77
"ESC_IB7469AA_AS",26438,"ESC_IB7469AA_AS",17
"ESC_IB7473AA_AS",22745,"ESC_IB7473AA_AS",14
"ESC_IB7486AA_AS",31217,"ESC_IB7486AA_AS",20
"ESC_IB7490AA_AS",33925,"ESC_IB7490AA_AS",21
"ESC_IB7499AA_AS",33388,"ESC_IB7499AA_AS",21
"ESC_IB7516AA_AS",95472,"ESC_IB7516AA_AS",60
"ESC_IB7517AA_AS",24078,"ESC_IB7517AA_AS",15
"ESC_IB7519AA_AS",31217,"ESC_IB7519AA_AS",20
"ESC_IB7523AA_AS",25789,"ESC_IB7523AA_AS",16
"ESC_IB7528AA_AS",22745,"ESC_IB7528AA_AS",14
"ESC_IB7529AA_AS",148248,"ESC_IB7529AA_AS",93
"ESC_IB7531AA_AS",26013,"ESC_IB7531AA_AS",16
"ESC_IB7532AA_AS",25907,"ESC_IB7532AA_AS",16
"ESC_IB7542AA_AS",27804,"ESC_IB7542AA_AS",17
"ESC_IB7548AA_AS",25723,"ESC_IB7548AA_AS",16
"ESC_IB7561AA_AS",6853,"ESC_IB7561AA_AS",4
"ESC_IB7571AA_AS",102892,"ESC_IB7571AA_AS",65
"ESC_IB7572AA_AS",25833,"ESC_IB7572AA_AS",16
"ESC_IB7574AA_AS",25879,"ESC_IB7574AA_AS",16
"ESC_IB7576AA_AS",39026,"ESC_IB7576AA_AS",25
"ESC_IB7582AA_AS",31217,"ESC_IB7582AA_AS",20
"ESC_IB7591AA_AS",22108,"ESC_IB7591AA_AS",14
"ESC_IB7597AA_AS",57611,"ESC_IB7597AA_AS",36
"ESC_IB7604AA_AS",31217,"ESC_IB7604AA_AS",20
"ESC_IB7609AA_AS",22745,"ESC_IB7609AA_AS",14
"ESC_IB7611AA_AS",31217,"ESC_IB7611AA_AS",20
"ESC_IB7615AA_AS",22745,"ESC_IB7615AA_AS",14
"ESC_IB7625AA_AS",102059,"ESC_IB7625AA_AS",64
"ESC_IB7630AA_AS",25049,"ESC_IB7630AA_AS",16
"ESC_IB7632AA_AS",36351,"ESC_IB7632AA_AS",23
"ESC_IB7635AA_AS",30032,"ESC_IB7635AA_AS",19
"ESC_IB7639AA_AS",98184,"ESC_IB7639AA_AS",62
"ESC_IB7649AA_AS",25256,"ESC_IB7649AA_AS",16
"ESC_IB7656AA_AS",26238,"ESC_IB7656AA_AS",17
"ESC_IB7668AA_AS",22745,"ESC_IB7668AA_AS",14
"ESC_IB7669AA_AS",31217,"ESC_IB7669AA_AS",20
"ESC_IB7673AA_AS",36792,"ESC_IB7673AA_AS",23
"ESC_IB7676AA_AS",25317,"ESC_IB7676AA_AS",16
"ESC_IB7682AA_AS",22745,"ESC_IB7682AA_AS",14
"ESC_IB7683AA_AS",3659,"ESC_IB7683AA_AS",2
"ESC_IB7686AA_AS",26104,"ESC_IB7686AA_AS",16
"ESC_IB7693AA_AS",37603,"ESC_IB7693AA_AS",24
"ESC_IB7708AA_AS",22745,"ESC_IB7708AA_AS",14
"ESC_IB7712AA_AS",93318,"ESC_IB7712AA_AS",59
"ESC_IB7713AA_AS",27238,"ESC_IB7713AA_AS",17
"ESC_IB7718AA_AS",26007,"ESC_IB7718AA_AS",16
"ESC_IB7720AA_AS",38585,"ESC_IB7720AA_AS",24
"ESC_IB7723AA_AS",108339,"ESC_IB7723AA_AS",68
"ESC_IB7726AA_AS",98616,"ESC_IB7726AA_AS",62
"ESC_IB7731AA_AS",38457,"ESC_IB7731AA_AS",24
"ESC_IB7732AA_AS",95107,"ESC_IB7732AA_AS",60
"ESC_IB7738AA_AS",21560,"ESC_IB7738AA_AS",14
"ESC_IB7742AA_AS",22745,"ESC_IB7742AA_AS",14
"ESC_IB7745AA_AS",96680,"ESC_IB7745AA_AS",61
"ESC_IB8255AA_AS",25907,"ESC_IB8255AA_AS",16
"ESC_IB8355AA_AS",36351,"ESC_IB8355AA_AS",23
"ESC_IB9074AA_AS",24222,"ESC_IB9074AA_AS",15
"ESC_JA3774AA_AS",149247,"ESC_JA3774AA_AS",94
"ESC_JA3853AA_AS",97333,"ESC_JA3853AA_AS",61
"ESC_JA3948AA_AS",99858,"ESC_JA3948AA_AS",63
"ESC_JA4010AA_AS",98578,"ESC_JA4010AA_AS",62
"ESC_JA4488AA_AS",149027,"ESC_JA4488AA_AS",94
"ESC_JA4566AA_AS",94659,"ESC_JA4566AA_AS",60
"ESC_JA4581AA_AS",98174,"ESC_JA4581AA_AS",62
"ESC_JA4609AA_AS",149357,"ESC_JA4609AA_AS",94
"ESC_JA4751AA_AS",97667,"ESC_JA4751AA_AS",61
"ESC_JA4785AA_AS",96398,"ESC_JA4785AA_AS",61
"ESC_JA5133AA_AS",98918,"ESC_JA5133AA_AS",62
"ESC_JA7639AA_AS",98918,"ESC_JA7639AA_AS",62
"ESC_JA8124AA_AS",106255,"ESC_JA8124AA_AS",67
"ESC_JA8284AA_AS",89342,"ESC_JA8284AA_AS",56
"ESC_JA8368AA_AS",92702,"ESC_JA8368AA_AS",58
"ESC_JA9326AA_AS",6728,"ESC_JA9326AA_AS",4
"ESC_JA9945AA_AS",74853,"ESC_JA9945AA_AS",47
"ESC_JB5829AA_AS",22745,"ESC_JB5829AA_AS",14
"ESC_JB8253AA_AS",90461,"ESC_JB8253AA_AS",57
"ESC_JB8357AA_AS",105434,"ESC_JB8357AA_AS",66
"ESC_JB8358AA_AS",102289,"ESC_JB8358AA_AS",64
"ESC_JB8359AA_AS",104459,"ESC_JB8359AA_AS",66
"ESC_JB9522AA_AS",92090,"ESC_JB9522AA_AS",58
"ESC_JB9585AA_AS",121933,"ESC_JB9585AA_AS",77
"ESC_KA0604AA_AS",95660,"ESC_KA0604AA_AS",60
"ESC_KA0652AA_AS",7069,"ESC_KA0652AA_AS",4
"ESC_KA0889AA_AS",25639,"ESC_KA0889AA_AS",16
"ESC_KA1451AA_AS",99114,"ESC_KA1451AA_AS",62
"ESC_KA1594AA_AS",90809,"ESC_KA1594AA_AS",57
"ESC_KA3859AA_AS",18586,"ESC_KA3859AA_AS",12
"ESC_KA4244AA_AS",93152,"ESC_KA4244AA_AS",59
"ESC_KA4597AA_AS",99858,"ESC_KA4597AA_AS",63
"ESC_KA4607AA_AS",96330,"ESC_KA4607AA_AS",61
"ESC_KA6867AA_AS",96488,"ESC_KA6867AA_AS",61
"ESC_KA9265AA_AS",149302,"ESC_KA9265AA_AS",94
"ESC_KA9267AA_AS",148327,"ESC_KA9267AA_AS",93
"ESC_KA9324AA_AS",148308,"ESC_KA9324AA_AS",93
"ESC_KA9597AA_AS",148703,"ESC_KA9597AA_AS",94
"ESC_KA9598AA_AS",148857,"ESC_KA9598AA_AS",94
"ESC_KB3273AA_AS",108235,"ESC_KB3273AA_AS",68
"ESC_KB3274AA_AS",109864,"ESC_KB3274AA_AS",69
"ESC_KB3275AA_AS",107722,"ESC_KB3275AA_AS",68
"ESC_KB3276AA_AS",109725,"ESC_KB3276AA_AS",69
"ESC_KB3279AA_AS",108803,"ESC_KB3279AA_AS",68
"ESC_KB3281AA_AS",98526,"ESC_KB3281AA_AS",62
"ESC_KB3352AA_AS",111549,"ESC_KB3352AA_AS",70
"ESC_KB3369AA_AS",107445,"ESC_KB3369AA_AS",68
"ESC_KB3395AA_AS",142576,"ESC_KB3395AA_AS",90
"ESC_KB3408AA_AS",101638,"ESC_KB3408AA_AS",64
"ESC_KB3427AA_AS",109202,"ESC_KB3427AA_AS",69
"ESC_KB3428AA_AS",109830,"ESC_KB3428AA_AS",69
"ESC_KB3527AA_AS",113044,"ESC_KB3527AA_AS",71
"ESC_KB3783AA_AS",95722,"ESC_KB3783AA_AS",60
"ESC_KB3935AA_AS",97218,"ESC_KB3935AA_AS",61
"ESC_KB3958AA_AS",99724,"ESC_KB3958AA_AS",63
"ESC_KB3963AA_AS",99090,"ESC_KB3963AA_AS",62
"ESC_KB3965AA_AS",103749,"ESC_KB3965AA_AS",65
"ESC_KB3979AA_AS",94476,"ESC_KB3979AA_AS",59
"ESC_KB3986AA_AS",78519,"ESC_KB3986AA_AS",49
"ESC_KB4003AA_AS",104828,"ESC_KB4003AA_AS",66
"ESC_KB4030AA_AS",95277,"ESC_KB4030AA_AS",60
"ESC_KB4123AA_AS",106989,"ESC_KB4123AA_AS",67
"ESC_KB4146AA_AS",86222,"ESC_KB4146AA_AS",54
"ESC_KB4162AA_AS",102767,"ESC_KB4162AA_AS",65
"ESC_KB4192AA_AS",99320,"ESC_KB4192AA_AS",63
"ESC_KB4202AA_AS",108682,"ESC_KB4202AA_AS",68
"ESC_KB4692AA_AS",104057,"ESC_KB4692AA_AS",65
"ESC_KB9700AA_AS",110640,"ESC_KB9700AA_AS",70
"ESC_KB9703AA_AS",99803,"ESC_KB9703AA_AS",63
"ESC_KB9714AA_AS",111061,"ESC_KB9714AA_AS",70
"ESC_KB9715AA_AS",111678,"ESC_KB9715AA_AS",70
"ESC_KB9716AA_AS",109865,"ESC_KB9716AA_AS",69
"ESC_KB9720AA_AS",111061,"ESC_KB9720AA_AS",70
"ESC_KB9721AA_AS",109865,"ESC_KB9721AA_AS",69
"ESC_KB9722AA_AS",110460,"ESC_KB9722AA_AS",70
"ESC_KB9725AA_AS",115548,"ESC_KB9725AA_AS",73
"ESC_KB9726AA_AS",99405,"ESC_KB9726AA_AS",63
"ESC_KB9729AA_AS",118026,"ESC_KB9729AA_AS",74
"ESC_KB9732AA_AS",99562,"ESC_KB9732AA_AS",63
"ESC_KB9734AA_AS",99479,"ESC_KB9734AA_AS",63
"ESC_KB9735AA_AS",108340,"ESC_KB9735AA_AS",68
"ESC_KB9751AA_AS",109865,"ESC_KB9751AA_AS",69
"ESC_KB9762AA_AS",109974,"ESC_KB9762AA_AS",69
"ESC_KB9767AA_AS",109921,"ESC_KB9767AA_AS",69
"ESC_KB9768AA_AS",109830,"ESC_KB9768AA_AS",69
"ESC_LA4536AA_AS",24969,"ESC_LA4536AA_AS",16
"ESC_LA4539AA_AS",40328,"ESC_LA4539AA_AS",25
"ESC_LA4540AA_AS",47907,"ESC_LA4540AA_AS",30
"ESC_LA5735AA_AS",24692,"ESC_LA5735AA_AS",16
"ESC_LA5763AA_AS",10551,"ESC_LA5763AA_AS",7
"ESC_LA5874AA_AS",112602,"ESC_LA5874AA_AS",71
"ESC_LA5890AA_AS",34093,"ESC_LA5890AA_AS",21
"ESC_LB0076AA_AS",96105,"ESC_LB0076AA_AS",60
"ESC_LB0314AA_AS",110546,"ESC_LB0314AA_AS",70
"ESC_LB0394AA_AS",22745,"ESC_LB0394AA_AS",14
"ESC_LB0440AA_AS",99194,"ESC_LB0440AA_AS",62
"ESC_LB0692AA_AS",22745,"ESC_LB0692AA_AS",14
"ESC_LB2789AA_AS",22745,"ESC_LB2789AA_AS",14
"ESC_LB6010AA_AS",39026,"ESC_LB6010AA_AS",25
"ESC_NA3970AA_AS",76521,"ESC_NA3970AA_AS",48
"ESC_NA3971AA_AS",90667,"ESC_NA3971AA_AS",57
"ESC_NA3972AA_AS",22988,"ESC_NA3972AA_AS",14
"ESC_NA3973AA_AS",99539,"ESC_NA3973AA_AS",63
"ESC_NA3974AA_AS",100176,"ESC_NA3974AA_AS",63
"ESC_NA3975AA_AS",100325,"ESC_NA3975AA_AS",63
"ESC_NA3976AA_AS",39573,"ESC_NA3976AA_AS",25
"ESC_NA3979AA_AS",38897,"ESC_NA3979AA_AS",24
"ESC_NA3980AA_AS",98887,"ESC_NA3980AA_AS",62
"ESC_NA3982AA_AS",100438,"ESC_NA3982AA_AS",63
"ESC_NA3983AA_AS",99072,"ESC_NA3983AA_AS",62
"ESC_NA3984AA_AS",103475,"ESC_NA3984AA_AS",65
"ESC_NA3985AA_AS",16117,"ESC_NA3985AA_AS",10
"ESC_NA3987AA_AS",93253,"ESC_NA3987AA_AS",59
"ESC_NA3988AA_AS",67073,"ESC_NA3988AA_AS",42
"ESC_NA3989AA_AS",94217,"ESC_NA3989AA_AS",59
"ESC_NA3990AA_AS",61022,"ESC_NA3990AA_AS",38
"ESC_NA3991AA_AS",104033,"ESC_NA3991AA_AS",65
"ESC_NA3992AA_AS",99870,"ESC_NA3992AA_AS",63
"ESC_NA3993AA_AS",97902,"ESC_NA3993AA_AS",62
"ESC_NA3994AA_AS",27974,"ESC_NA3994AA_AS",18
"ESC_NA3995AA_AS",14005,"ESC_NA3995AA_AS",9
"ESC_NA3996AA_AS",22532,"ESC_NA3996AA_AS",14
"ESC_NA3997AA_AS",17184,"ESC_NA3997AA_AS",11
"ESC_NA3999AA_AS",98290,"ESC_NA3999AA_AS",62
"ESC_NA4000AA_AS",99439,"ESC_NA4000AA_AS",63
"ESC_NA4001AA_AS",99389,"ESC_NA4001AA_AS",63
"ESC_NA4002AA_AS",99270,"ESC_NA4002AA_AS",62
"ESC_NA4003AA_AS",99164,"ESC_NA4003AA_AS",62
"ESC_NA4004AA_AS",100438,"ESC_NA4004AA_AS",63
"ESC_NA4005AA_AS",98749,"ESC_NA4005AA_AS",62
"ESC_NA4006AA_AS",5738,"ESC_NA4006AA_AS",4
"ESC_NA4008AA_AS",5738,"ESC_NA4008AA_AS",4
"ESC_NA4009AA_AS",6865,"ESC_NA4009AA_AS",4
"ESC_NA4010AA_AS",21883,"ESC_NA4010AA_AS",14
"ESC_NA4012AA_AS",31217,"ESC_NA4012AA_AS",20
"ESC_NA4013AA_AS",100916,"ESC_NA4013AA_AS",64
"ESC_NA4015AA_AS",66413,"ESC_NA4015AA_AS",42
"ESC_NA4016AA_AS",30554,"ESC_NA4016AA_AS",19
"ESC_NA4018AA_AS",21630,"ESC_NA4018AA_AS",14
"ESC_NA4019AA_AS",94324,"ESC_NA4019AA_AS",59
"ESC_NA4020AA_AS",38793,"ESC_NA4020AA_AS",24
"ESC_NA4021AA_AS",112426,"ESC_NA4021AA_AS",71
"ESC_NA4022AA_AS",28320,"ESC_NA4022AA_AS",18
"ESC_NA4023AA_AS",28298,"ESC_NA4023AA_AS",18
"ESC_NA4024AA_AS",98045,"ESC_NA4024AA_AS",62
"ESC_NA4025AA_AS",105556,"ESC_NA4025AA_AS",66
"ESC_NA4026AA_AS",22086,"ESC_NA4026AA_AS",14
"ESC_NA4027AA_AS",22745,"ESC_NA4027AA_AS",14
"ESC_NA4028AA_AS",97950,"ESC_NA4028AA_AS",62
"ESC_NA4029AA_AS",22745,"ESC_NA4029AA_AS",14
"ESC_NA4030AA_AS",98463,"ESC_NA4030AA_AS",62
"ESC_NA4031AA_AS",27912,"ESC_NA4031AA_AS",18
"ESC_NA4032AA_AS",78859,"ESC_NA4032AA_AS",50
"ESC_NA4033AA_AS",37712,"ESC_NA4033AA_AS",24
"ESC_NA4034AA_AS",24357,"ESC_NA4034AA_AS",15
"ESC_NA4035AA_AS",100217,"ESC_NA4035AA_AS",63
"ESC_NA4036AA_AS",98656,"ESC_NA4036AA_AS",62
"ESC_NA4037AA_AS",94000,"ESC_NA4037AA_AS",59
"ESC_NA4038AA_AS",22745,"ESC_NA4038AA_AS",14
"ESC_NA4040AA_AS",22745,"ESC_NA4040AA_AS",14
"ESC_NA4043AA_AS",103068,"ESC_NA4043AA_AS",65
"ESC_NA4044AA_AS",99688,"ESC_NA4044AA_AS",63
"ESC_NA4045AA_AS",98570,"ESC_NA4045AA_AS",62
"ESC_NA4046AA_AS",7057,"ESC_NA4046AA_AS",4
"ESC_NA4048AA_AS",96088,"ESC_NA4048AA_AS",60
"ESC_NA4049AA_AS",94281,"ESC_NA4049AA_AS",59
"ESC_NA4051AA_AS",24055,"ESC_NA4051AA_AS",15
"ESC_NA4052AA_AS",98499,"ESC_NA4052AA_AS",62
"ESC_NA4053AA_AS",94812,"ESC_NA4053AA_AS",60
"ESC_NA4054AA_AS",23071,"ESC_NA4054AA_AS",15
"ESC_NA4055AA_AS",100361,"ESC_NA4055AA_AS",63
"ESC_NA4056AA_AS",100686,"ESC_NA4056AA_AS",63
"ESC_NA4057AA_AS",94277,"ESC_NA4057AA_AS",59
"ESC_NA4058AA_AS",100717,"ESC_NA4058AA_AS",63
"ESC_NA4059AA_AS",92545,"ESC_NA4059AA_AS",58
"ESC_NA4060AA_AS",92990,"ESC_NA4060AA_AS",59
"ESC_NA4061AA_AS",98909,"ESC_NA4061AA_AS",62
"ESC_NA4062AA_AS",25851,"ESC_NA4062AA_AS",16
"ESC_NA4063AA_AS",100438,"ESC_NA4063AA_AS",63
"ESC_NA4064AA_AS",25891,"ESC_NA4064AA_AS",16
"ESC_NA4065AA_AS",22560,"ESC_NA4065AA_AS",14
"ESC_NA4066AA_AS",101213,"ESC_NA4066AA_AS",64
"ESC_NA4067AA_AS",100419,"ESC_NA4067AA_AS",63
"ESC_NA4068AA_AS",100923,"ESC_NA4068AA_AS",64
"ESC_NA4069AA_AS",100120,"ESC_NA4069AA_AS",63
"ESC_NA4070AA_AS",100749,"ESC_NA4070AA_AS",63
"ESC_NA4071AA_AS",99261,"ESC_NA4071AA_AS",62
"ESC_NA4072AA_AS",100135,"ESC_NA4072AA_AS",63
"ESC_PA1111AA_AS",24297,"ESC_PA1111AA_AS",15
"ESC_PA1355AA_AS",22745,"ESC_PA1355AA_AS",14
"ESC_PA1356AA_AS",42642,"ESC_PA1356AA_AS",27
"ESC_PA7839AA_AS",91262,"ESC_PA7839AA_AS",57
"ESC_QA2182AA_AS",22135,"ESC_QA2182AA_AS",14
"ESC_QA2890AA_AS",76028,"ESC_QA2890AA_AS",48
"ESC_QA3565AA_AS",43489,"ESC_QA3565AA_AS",27
"ESC_QA3671AA_AS",95920,"ESC_QA3671AA_AS",60
"ESC_QA3675AA_AS",113470,"ESC_QA3675AA_AS",71
"ESC_QA3677AA_AS",38744,"ESC_QA3677AA_AS",24
"ESC_QA5163AA_AS",27572,"ESC_QA5163AA_AS",17
"ESC_QA5188AA_AS",92862,"ESC_QA5188AA_AS",58
"ESC_QA5199AA_AS",31217,"ESC_QA5199AA_AS",20
"ESC_QA5208AA_AS",33595,"ESC_QA5208AA_AS",21
"ESC_QA5378AA_AS",22136,"ESC_QA5378AA_AS",14
"ESC_QA5479AA_AS",31217,"ESC_QA5479AA_AS",20
"ESC_QA5498AA_AS",24002,"ESC_QA5498AA_AS",15
"ESC_QA5539AA_AS",34831,"ESC_QA5539AA_AS",22
"ESC_QA5645AA_AS",57343,"ESC_QA5645AA_AS",36
"ESC_QA5905AA_AS",32128,"ESC_QA5905AA_AS",20
"ESC_QA5908AA_AS",29960,"ESC_QA5908AA_AS",19
"ESC_QA5919AA_AS",98214,"ESC_QA5919AA_AS",62
"ESC_QA6460AA_AS",23943,"ESC_QA6460AA_AS",15
"ESC_QA6616AA_AS",22738,"ESC_QA6616AA_AS",14
"ESC_QA6930AA_AS",38830,"ESC_QA6930AA_AS",24
"ESC_QA7345AA_AS",19743,"ESC_QA7345AA_AS",12
"ESC_QA7385AA_AS",40613,"ESC_QA7385AA_AS",26
"ESC_QA7392AA_AS",31217,"ESC_QA7392AA_AS",20
"ESC_QA7436AA_AS",22817,"ESC_QA7436AA_AS",14
"ESC_QA7440AA_AS",31217,"ESC_QA7440AA_AS",20
"ESC_QA7446AA_AS",97911,"ESC_QA7446AA_AS",62
"ESC_QA7591AA_AS",95250,"ESC_QA7591AA_AS",60
"ESC_QA7811AA_AS",26241,"ESC_QA7811AA_AS",17
"ESC_QA7860AA_AS",104892,"ESC_QA7860AA_AS",66
"ESC_QA7877AA_AS",23159,"ESC_QA7877AA_AS",15
"ESC_QA7878AA_AS",20970,"ESC_QA7878AA_AS",13
"ESC_QA7942AA_AS",149037,"ESC_QA7942AA_AS",94
"ESC_QA7947AA_AS",21065,"ESC_QA7947AA_AS",13
"ESC_QA7981AA_AS",28332,"ESC_QA7981AA_AS",18
"ESC_QA8120AA_AS",26758,"ESC_QA8120AA_AS",17
"ESC_QA8121AA_AS",73458,"ESC_QA8121AA_AS",46
"ESC_QA8168AA_AS",75926,"ESC_QA8168AA_AS",48
"ESC_QA8186AA_AS",22989,"ESC_QA8186AA_AS",14
"ESC_QA8859AA_AS",29174,"ESC_QA8859AA_AS",18
"ESC_QA8947AA_AS",28475,"ESC_QA8947AA_AS",18
"ESC_QA8948AA_AS",27474,"ESC_QA8948AA_AS",17
"ESC_QA8950AA_AS",31314,"ESC_QA8950AA_AS",20
"ESC_QA8963AA_AS",56369,"ESC_QA8963AA_AS",35
"ESC_QA9416AA_AS",28980,"ESC_QA9416AA_AS",18
"ESC_QA9654AA_AS",150184,"ESC_QA9654AA_AS",95
"ESC_RA0152AA_AS",29950,"ESC_RA0152AA_AS",19
"ESC_RA4044AA_AS",108883,"ESC_RA4044AA_AS",69
"ESC_RA4047AA_AS",92442,"ESC_RA4047AA_AS",58
"ESC_RA4048AA_AS",108848,"ESC_RA4048AA_AS",68
"ESC_RA4050AA_AS",92708,"ESC_RA4050AA_AS",58
"ESC_RA4068AA_AS",92708,"ESC_RA4068AA_AS",58
"ESC_RA4278AA_AS",100058,"ESC_RA4278AA_AS",63
"ESC_RA4281AA_AS",100058,"ESC_RA4281AA_AS",63
"ESC_RA4508AA_AS",8359,"ESC_RA4508AA_AS",5
"ESC_RA7116AA_AS",113021,"ESC_RA7116AA_AS",71
"ESC_SA0482AA_AS",44774,"ESC_SA0482AA_AS",28
"ESC_SA0489AA_AS",41847,"ESC_SA0489AA_AS",26
"ESC_SA2297AA_AS",21122,"ESC_SA2297AA_AS",13
"ESC_SA2410AA_AS",5738,"ESC_SA2410AA_AS",4
"ESC_SA2728AA_AS",27252,"ESC_SA2728AA_AS",17
"ESC_SA2788AA_AS",98934,"ESC_SA2788AA_AS",62
"ESC_SA3661AA_AS",99901,"ESC_SA3661AA_AS",63
"ESC_SA4839AA_AS",100138,"ESC_SA4839AA_AS",63
"ESC_SA5048AA_AS",7114,"ESC_SA5048AA_AS",4
"ESC_SA6572AA_AS",25851,"ESC_SA6572AA_AS",16
"ESC_SA8243AA_AS",99846,"ESC_SA8243AA_AS",63
"ESC_SA8250AA_AS",98959,"ESC_SA8250AA_AS",62
"ESC_SA8273AA_AS",101566,"ESC_SA8273AA_AS",64
"ESC_SA8291AA_AS",99519,"ESC_SA8291AA_AS",63
"ESC_SA8296AA_AS",100191,"ESC_SA8296AA_AS",63
"ESC_SA8301AA_AS",98780,"ESC_SA8301AA_AS",62
"ESC_SA8312AA_AS",99249,"ESC_SA8312AA_AS",62
"ESC_TA2365AA_AS",15121,"ESC_TA2365AA_AS",10
"ESC_TA2436AA_AS",15258,"ESC_TA2436AA_AS",10
"ESC_TA2839AA_AS",99252,"ESC_TA2839AA_AS",62
"ESC_TA7147AA_AS",91747,"ESC_TA7147AA_AS",58
"ESC_TA7169AA_AS",93516,"ESC_TA7169AA_AS",59
"ESC_TA8195AA_AS",93243,"ESC_TA8195AA_AS",59
"ESC_TA8466AA_AS",22745,"ESC_TA8466AA_AS",14
"ESC_TA8684AA_AS",95290,"ESC_TA8684AA_AS",60
"ESC_TA8693AA_AS",26238,"ESC_TA8693AA_AS",17
"ESC_TA8694AA_AS",109157,"ESC_TA8694AA_AS",69
"ESC_TA8695AA_AS",22745,"ESC_TA8695AA_AS",14
"ESC_TA8696AA_AS",22745,"ESC_TA8696AA_AS",14
"ESC_TA8698AA_AS",22745,"ESC_TA8698AA_AS",14
"ESC_TA8700AA_AS",26530,"ESC_TA8700AA_AS",17
"ESC_TA8706AA_AS",22720,"ESC_TA8706AA_AS",14
"ESC_TA8708AA_AS",18696,"ESC_TA8708AA_AS",12
"ESC_TA8713AA_AS",22745,"ESC_TA8713AA_AS",14
"ESC_TA8716AA_AS",24555,"ESC_TA8716AA_AS",15
"ESC_TA8717AA_AS",22745,"ESC_TA8717AA_AS",14
"ESC_TA8724AA_AS",38000,"ESC_TA8724AA_AS",24
"ESC_TA8730AA_AS",22745,"ESC_TA8730AA_AS",14
"ESC_TA8731AA_AS",60368,"ESC_TA8731AA_AS",38
"ESC_TA8792AA_AS",22745,"ESC_TA8792AA_AS",14
"ESC_TA8927AA_AS",99000,"ESC_TA8927AA_AS",62
"ESC_TA9938AA_AS",23375,"ESC_TA9938AA_AS",15
"ESC_UA1505AA_AS",98047,"ESC_UA1505AA_AS",62
"ESC_UA1831AA_AS",43255,"ESC_UA1831AA_AS",27
"ESC_VA0598AA_AS",100535,"ESC_VA0598AA_AS",63
"ESC_VA1064AA_AS",86518,"ESC_VA1064AA_AS",54
"ESC_VA3679AA_AS",115702,"ESC_VA3679AA_AS",73
"ESC_VA4677AA_AS",93326,"ESC_VA4677AA_AS",59
"ESC_VA5393AA_AS",46233,"ESC_VA5393AA_AS",29
"ESC_VA7372AA_AS",41020,"ESC_VA7372AA_AS",26
"ESC_WA0219AA_AS",27558,"ESC_WA0219AA_AS",17
"ESC_WA0222AA_AS",30399,"ESC_WA0222AA_AS",19
"ESC_WA1915AA_AS",92714,"ESC_WA1915AA_AS",58
"ESC_WA2637AA_AS",149696,"ESC_WA2637AA_AS",94
"ESC_WA2654AA_AS",149962,"ESC_WA2654AA_AS",94
"ESC_WA2657AA_AS",149962,"ESC_WA2657AA_AS",94
"ESC_WA2664AA_AS",149962,"ESC_WA2664AA_AS",94
"ESC_WA2673AA_AS",99000,"ESC_WA2673AA_AS",62
"ESC_WA6850AA_AS",25730,"ESC_WA6850AA_AS",16
"ESC_WA6851AA_AS",31217,"ESC_WA6851AA_AS",20
"ESC_WA6852AA_AS",5738,"ESC_WA6852AA_AS",4
"ESC_WA6853AA_AS",21025,"ESC_WA6853AA_AS",13
"ESC_WA6854AA_AS",39356,"ESC_WA6854AA_AS",25
"ESC_WA6855AA_AS",42041,"ESC_WA6855AA_AS",26
"ESC_WA6856AA_AS",31217,"ESC_WA6856AA_AS",20
"ESC_WA6857AA_AS",34371,"ESC_WA6857AA_AS",22
"ESC_WA6859AA_AS",100609,"ESC_WA6859AA_AS",63
"ESC_WA6860AA_AS",21841,"ESC_WA6860AA_AS",14
"ESC_WA6886AA_AS",96567,"ESC_WA6886AA_AS",61
"ESC_WA6887AA_AS",34254,"ESC_WA6887AA_AS",22
"ESC_WA6888AA_AS",17860,"ESC_WA6888AA_AS",11
"ESC_WA6922AA_AS",97774,"ESC_WA6922AA_AS",62
"ESC_WA6923AA_AS",5738,"ESC_WA6923AA_AS",4
"ESC_WA6924AA_AS",25781,"ESC_WA6924AA_AS",16
"ESC_WA6925AA_AS",22745,"ESC_WA6925AA_AS",14
"ESC_WA6926AA_AS",105483,"ESC_WA6926AA_AS",66
"ESC_WA6927AA_AS",25717,"ESC_WA6927AA_AS",16
"ESC_WA6928AA_AS",25851,"ESC_WA6928AA_AS",16
"ESC_WA6929AA_AS",25799,"ESC_WA6929AA_AS",16
"ESC_WA6932AA_AS",99998,"ESC_WA6932AA_AS",63
"ESC_WA6933AA_AS",19376,"ESC_WA6933AA_AS",12
"ESC_WA6970AA_AS",25584,"ESC_WA6970AA_AS",16
"ESC_WA6971AA_AS",30554,"ESC_WA6971AA_AS",19
"ESC_WA6972AA_AS",85675,"ESC_WA6972AA_AS",54
"ESC_WA6975AA_AS",25974,"ESC_WA6975AA_AS",16
"ESC_WA6976AA_AS",14210,"ESC_WA6976AA_AS",9
"ESC_WA6977AA_AS",97587,"ESC_WA6977AA_AS",61
"ESC_WA6979AA_AS",21843,"ESC_WA6979AA_AS",14
"ESC_WA9611AA_AS",104322,"ESC_WA9611AA_AS",66
"ESC_WA9986AA_AS",97231,"ESC_WA9986AA_AS",61
"ESC_XA0482AA_AS",101353,"ESC_XA0482AA_AS",64
"ESC_XA1004AA_AS",21867,"ESC_XA1004AA_AS",14
"ESC_XA1018AA_AS",26202,"ESC_XA1018AA_AS",16
"ESC_XA1050AA_AS",87629,"ESC_XA1050AA_AS",55
"ESC_XA1055AA_AS",97844,"ESC_XA1055AA_AS",62
"ESC_XA1066AA_AS",25861,"ESC_XA1066AA_AS",16
"ESC_XA1076AA_AS",26156,"ESC_XA1076AA_AS",16
"ESC_XA1079AA_AS",13494,"ESC_XA1079AA_AS",8
"ESC_XA1089AA_AS",22745,"ESC_XA1089AA_AS",14
"ESC_XA1108AA_AS",22745,"ESC_XA1108AA_AS",14
"ESC_XA1114AA_AS",15111,"ESC_XA1114AA_AS",10
"ESC_XA1115AA_AS",7108,"ESC_XA1115AA_AS",4
"ESC_XA1126AA_AS",98239,"ESC_XA1126AA_AS",62
"ESC_XA1127AA_AS",27981,"ESC_XA1127AA_AS",18
"ESC_XA1135AA_AS",92791,"ESC_XA1135AA_AS",58
"ESC_XA1141AA_AS",47527,"ESC_XA1141AA_AS",30
"ESC_XA1146AA_AS",30047,"ESC_XA1146AA_AS",19
"ESC_XA1150AA_AS",22745,"ESC_XA1150AA_AS",14
"ESC_XA1159AA_AS",97590,"ESC_XA1159AA_AS",61
"ESC_XA1162AA_AS",22745,"ESC_XA1162AA_AS",14
"ESC_XA1186AA_AS",34333,"ESC_XA1186AA_AS",22
"ESC_XA1205AA_AS",22745,"ESC_XA1205AA_AS",14
"ESC_XA1222AA_AS",98861,"ESC_XA1222AA_AS",62
"ESC_XA1223AA_AS",22745,"ESC_XA1223AA_AS",14
"ESC_XA1224AA_AS",22745,"ESC_XA1224AA_AS",14
"ESC_XA1239AA_AS",22745,"ESC_XA1239AA_AS",14
"ESC_XA1243AA_AS",25405,"ESC_XA1243AA_AS",16
"ESC_XA1246AA_AS",26238,"ESC_XA1246AA_AS",17
"ESC_XA1253AA_AS",22708,"ESC_XA1253AA_AS",14
"ESC_XA1273AA_AS",93328,"ESC_XA1273AA_AS",59
"ESC_XA1274AA_AS",21560,"ESC_XA1274AA_AS",14
"ESC_XA1293AA_AS",22745,"ESC_XA1293AA_AS",14
"ESC_XA1294AA_AS",22745,"ESC_XA1294AA_AS",14
"ESC_XA1311AA_AS",29499,"ESC_XA1311AA_AS",19
"ESC_XA1313AA_AS",34490,"ESC_XA1313AA_AS",22
"ESC_XA1321AA_AS",25861,"ESC_XA1321AA_AS",16
"ESC_XA1348AA_AS",104022,"ESC_XA1348AA_AS",65
"ESC_XA1350AA_AS",98861,"ESC_XA1350AA_AS",62
"ESC_XA1359AA_AS",92823,"ESC_XA1359AA_AS",58
"ESC_XA1360AA_AS",25344,"ESC_XA1360AA_AS",16
"ESC_XA1375AA_AS",29190,"ESC_XA1375AA_AS",18
"ESC_XA1381AA_AS",27102,"ESC_XA1381AA_AS",17
"ESC_XA1384AA_AS",34349,"ESC_XA1384AA_AS",22
"ESC_XA1393AA_AS",79413,"ESC_XA1393AA_AS",50
"ESC_XA1397AA_AS",96005,"ESC_XA1397AA_AS",60
"ESC_XA1403AA_AS",94922,"ESC_XA1403AA_AS",60
"ESC_XA1408AA_AS",94889,"ESC_XA1408AA_AS",60
"ESC_XA4718AA_AS",23968,"ESC_XA4718AA_AS",15
"ESC_XA7358AA_AS",93245,"ESC_XA7358AA_AS",59
"ESC_XA8795AA_AS",22745,"ESC_XA8795AA_AS",14
"ESC_YA6556AA_AS",22745,"ESC_YA6556AA_AS",14
"ESC_ZA6514AA_AS",42215,"ESC_ZA6514AA_AS",27
"ESC_ZA9457AA_AS",40693,"ESC_ZA9457AA_AS",26
