"","pU1_F51_B10","working_name","Percent_hit"
"ESC_AA7971AA_AS",24996,"ESC_AA7971AA_AS",19
"ESC_AA9421AA_AS",16461,"ESC_AA9421AA_AS",13
"ESC_BA0967AA_AS",48920,"ESC_BA0967AA_AS",38
"ESC_BA1000AA_AS",61827,"ESC_BA1000AA_AS",48
"ESC_BA1242AA_AS",3633,"ESC_BA1242AA_AS",3
"ESC_BA1451AA_AS",55520,"ESC_BA1451AA_AS",43
"ESC_BA2267AA_AS",121026,"ESC_BA2267AA_AS",93
"ESC_BA2574AA_AS",56791,"ESC_BA2574AA_AS",44
"ESC_BA3061AA_AS",94500,"ESC_BA3061AA_AS",73
"ESC_BA3227AA_AS",2838,"ESC_BA3227AA_AS",2
"ESC_BA3967AA_AS",2838,"ESC_BA3967AA_AS",2
"ESC_BA4108AA_AS",14221,"ESC_BA4108AA_AS",11
"ESC_BA4389AA_AS",25144,"ESC_BA4389AA_AS",19
"ESC_BA5185AA_AS",18016,"ESC_BA5185AA_AS",14
"ESC_BA5541AA_AS",56740,"ESC_BA5541AA_AS",44
"ESC_BA6731AA_AS",55380,"ESC_BA6731AA_AS",43
"ESC_BA7454AA_AS",56386,"ESC_BA7454AA_AS",43
"ESC_BA7761AA_AS",56988,"ESC_BA7761AA_AS",44
"ESC_BA8039AA_AS",12833,"ESC_BA8039AA_AS",10
"ESC_BA8085AA_AS",29015,"ESC_BA8085AA_AS",22
"ESC_BA8137AA_AS",42446,"ESC_BA8137AA_AS",33
"ESC_BA8190AA_AS",25281,"ESC_BA8190AA_AS",19
"ESC_BA8258AA_AS",61517,"ESC_BA8258AA_AS",47
"ESC_BA8511AA_AS",21158,"ESC_BA8511AA_AS",16
"ESC_CA0637AA_AS",28547,"ESC_CA0637AA_AS",22
"ESC_CA0677AA_AS",57653,"ESC_CA0677AA_AS",44
"ESC_CA0894AA_AS",120369,"ESC_CA0894AA_AS",93
"ESC_CA0987AA_AS",3640,"ESC_CA0987AA_AS",3
"ESC_CA1134AA_AS",61457,"ESC_CA1134AA_AS",47
"ESC_CA1554AA_AS",23848,"ESC_CA1554AA_AS",18
"ESC_CA2031AA_AS",22754,"ESC_CA2031AA_AS",18
"ESC_CA2085AA_AS",21558,"ESC_CA2085AA_AS",17
"ESC_CA2243AA_AS",19814,"ESC_CA2243AA_AS",15
"ESC_CA2638AA_AS",22394,"ESC_CA2638AA_AS",17
"ESC_CA2654AA_AS",5620,"ESC_CA2654AA_AS",4
"ESC_CA2708AA_AS",18292,"ESC_CA2708AA_AS",14
"ESC_CA2713AA_AS",66596,"ESC_CA2713AA_AS",51
"ESC_CA2823AA_AS",4732,"ESC_CA2823AA_AS",4
"ESC_CA3069AA_AS",27598,"ESC_CA3069AA_AS",21
"ESC_CA3085AA_AS",4504,"ESC_CA3085AA_AS",3
"ESC_CA3089AA_AS",39816,"ESC_CA3089AA_AS",31
"ESC_CA3176AA_AS",61910,"ESC_CA3176AA_AS",48
"ESC_CA3553AA_AS",24658,"ESC_CA3553AA_AS",19
"ESC_CA3698AA_AS",5606,"ESC_CA3698AA_AS",4
"ESC_CA4056AA_AS",25627,"ESC_CA4056AA_AS",20
"ESC_CA4172AA_AS",23531,"ESC_CA4172AA_AS",18
"ESC_CA4203AA_AS",27345,"ESC_CA4203AA_AS",21
"ESC_CA4416AA_AS",27523,"ESC_CA4416AA_AS",21
"ESC_CA4774AA_AS",30642,"ESC_CA4774AA_AS",24
"ESC_CA4830AA_AS",58873,"ESC_CA4830AA_AS",45
"ESC_CA4887AA_AS",28446,"ESC_CA4887AA_AS",22
"ESC_CA4893AA_AS",22790,"ESC_CA4893AA_AS",18
"ESC_CA5088AA_AS",57642,"ESC_CA5088AA_AS",44
"ESC_CA5131AA_AS",26399,"ESC_CA5131AA_AS",20
"ESC_CA5222AA_AS",24979,"ESC_CA5222AA_AS",19
"ESC_CA5420AA_AS",58081,"ESC_CA5420AA_AS",45
"ESC_CA5467AA_AS",24863,"ESC_CA5467AA_AS",19
"ESC_CA5548AA_AS",21807,"ESC_CA5548AA_AS",17
"ESC_CA5584AA_AS",20102,"ESC_CA5584AA_AS",15
"ESC_CA5697AA_AS",25281,"ESC_CA5697AA_AS",19
"ESC_CA5710AA_AS",27882,"ESC_CA5710AA_AS",21
"ESC_CA5916AA_AS",22992,"ESC_CA5916AA_AS",18
"ESC_CA5933AA_AS",24739,"ESC_CA5933AA_AS",19
"ESC_CA6119AA_AS",15788,"ESC_CA6119AA_AS",12
"ESC_CA6132AA_AS",62360,"ESC_CA6132AA_AS",48
"ESC_CA6171AA_AS",120853,"ESC_CA6171AA_AS",93
"ESC_CA6221AA_AS",25234,"ESC_CA6221AA_AS",19
"ESC_CA6245AA_AS",25214,"ESC_CA6245AA_AS",19
"ESC_CA6287AA_AS",27057,"ESC_CA6287AA_AS",21
"ESC_CA6295AA_AS",59867,"ESC_CA6295AA_AS",46
"ESC_CA6692AA_AS",53292,"ESC_CA6692AA_AS",41
"ESC_CA6770AA_AS",26399,"ESC_CA6770AA_AS",20
"ESC_CB2269AA_AS",38822,"ESC_CB2269AA_AS",30
"ESC_CB2297AA_AS",60279,"ESC_CB2297AA_AS",46
"ESC_CB2309AA_AS",89052,"ESC_CB2309AA_AS",68
"ESC_CB2317AA_AS",23864,"ESC_CB2317AA_AS",18
"ESC_CB2345AA_AS",16081,"ESC_CB2345AA_AS",12
"ESC_CB2384AA_AS",25126,"ESC_CB2384AA_AS",19
"ESC_CB2447AA_AS",22909,"ESC_CB2447AA_AS",18
"ESC_CB2459AA_AS",31166,"ESC_CB2459AA_AS",24
"ESC_CB7223AA_AS",14763,"ESC_CB7223AA_AS",11
"ESC_CB8726AA_AS",12327,"ESC_CB8726AA_AS",9
"ESC_CB8729AA_AS",25234,"ESC_CB8729AA_AS",19
"ESC_CB8822AA_AS",25921,"ESC_CB8822AA_AS",20
"ESC_CB8832AA_AS",12387,"ESC_CB8832AA_AS",10
"ESC_CB8888AA_AS",28155,"ESC_CB8888AA_AS",22
"ESC_CB8931AA_AS",28159,"ESC_CB8931AA_AS",22
"ESC_CB9097AA_AS",24450,"ESC_CB9097AA_AS",19
"ESC_CB9169AA_AS",16837,"ESC_CB9169AA_AS",13
"ESC_FA1638AA_AS",24373,"ESC_FA1638AA_AS",19
"ESC_FA6906AA_AS",122160,"ESC_FA6906AA_AS",94
"ESC_FA6908AA_AS",102825,"ESC_FA6908AA_AS",79
"ESC_FA7190AA_AS",21398,"ESC_FA7190AA_AS",16
"ESC_FA8050AA_AS",15513,"ESC_FA8050AA_AS",12
"ESC_FB3739AA_AS",40154,"ESC_FB3739AA_AS",31
"ESC_FB7924AA_AS",24825,"ESC_FB7924AA_AS",19
"ESC_FB9215AA_AS",13737,"ESC_FB9215AA_AS",11
"ESC_FB9587AA_AS",23700,"ESC_FB9587AA_AS",18
"ESC_FB9640AA_AS",33281,"ESC_FB9640AA_AS",26
"ESC_FB9641AA_AS",1865,"ESC_FB9641AA_AS",1
"ESC_FB9675AA_AS",23347,"ESC_FB9675AA_AS",18
"ESC_FB9847AA_AS",58125,"ESC_FB9847AA_AS",45
"ESC_GA5350AA_AS",19747,"ESC_GA5350AA_AS",15
"ESC_GA5351AA_AS",118288,"ESC_GA5351AA_AS",91
"ESC_GA8819AA_AS",68824,"ESC_GA8819AA_AS",53
"ESC_GA8857AA_AS",26951,"ESC_GA8857AA_AS",21
"ESC_GA9224AA_AS",29248,"ESC_GA9224AA_AS",22
"ESC_GA9272AA_AS",59889,"ESC_GA9272AA_AS",46
"ESC_GB3527AA_AS",41673,"ESC_GB3527AA_AS",32
"ESC_GB3799AA_AS",99119,"ESC_GB3799AA_AS",76
"ESC_GB3897AA_AS",105692,"ESC_GB3897AA_AS",81
"ESC_GB3934AA_AS",115148,"ESC_GB3934AA_AS",89
"ESC_GB5978AA_AS",101761,"ESC_GB5978AA_AS",78
"ESC_GB6068AA_AS",56832,"ESC_GB6068AA_AS",44
"ESC_GB6087AA_AS",18536,"ESC_GB6087AA_AS",14
"ESC_GB6457AA_AS",19018,"ESC_GB6457AA_AS",15
"ESC_GB6463AA_AS",12134,"ESC_GB6463AA_AS",9
"ESC_GB6540AA_AS",15051,"ESC_GB6540AA_AS",12
"ESC_GB6614AA_AS",60612,"ESC_GB6614AA_AS",47
"ESC_GB6618AA_AS",29323,"ESC_GB6618AA_AS",23
"ESC_GB6690AA_AS",57637,"ESC_GB6690AA_AS",44
"ESC_GB6695AA_AS",28975,"ESC_GB6695AA_AS",22
"ESC_GB6696AA_AS",59547,"ESC_GB6696AA_AS",46
"ESC_GB6889AA_AS",15079,"ESC_GB6889AA_AS",12
"ESC_GB6892AA_AS",25038,"ESC_GB6892AA_AS",19
"ESC_GB6898AA_AS",50555,"ESC_GB6898AA_AS",39
"ESC_GB6899AA_AS",24158,"ESC_GB6899AA_AS",19
"ESC_GB6901AA_AS",12099,"ESC_GB6901AA_AS",9
"ESC_GB6906AA_AS",57032,"ESC_GB6906AA_AS",44
"ESC_GB6943AA_AS",17625,"ESC_GB6943AA_AS",14
"ESC_GB6953AA_AS",62316,"ESC_GB6953AA_AS",48
"ESC_GB9758AA_AS",15596,"ESC_GB9758AA_AS",12
"ESC_GB9956AA_AS",51357,"ESC_GB9956AA_AS",40
"ESC_HA0198AA_AS",115980,"ESC_HA0198AA_AS",89
"ESC_HA0238AA_AS",120208,"ESC_HA0238AA_AS",92
"ESC_HA0246AA_AS",58591,"ESC_HA0246AA_AS",45
"ESC_HA0364AA_AS",28435,"ESC_HA0364AA_AS",22
"ESC_HA0689AA_AS",52837,"ESC_HA0689AA_AS",41
"ESC_HA1968AA_AS",24265,"ESC_HA1968AA_AS",19
"ESC_HA2055AA_AS",59243,"ESC_HA2055AA_AS",46
"ESC_HA4979AA_AS",15129,"ESC_HA4979AA_AS",12
"ESC_HA5006AA_AS",13432,"ESC_HA5006AA_AS",10
"ESC_HA5023AA_AS",17117,"ESC_HA5023AA_AS",13
"ESC_HA5031AA_AS",125429,"ESC_HA5031AA_AS",96
"ESC_HA5037AA_AS",22397,"ESC_HA5037AA_AS",17
"ESC_HA5043AA_AS",56666,"ESC_HA5043AA_AS",44
"ESC_HA5076AA_AS",24218,"ESC_HA5076AA_AS",19
"ESC_HA5094AA_AS",59578,"ESC_HA5094AA_AS",46
"ESC_HA5098AA_AS",59578,"ESC_HA5098AA_AS",46
"ESC_HA5111AA_AS",13432,"ESC_HA5111AA_AS",10
"ESC_HA5117AA_AS",59578,"ESC_HA5117AA_AS",46
"ESC_HA5121AA_AS",76227,"ESC_HA5121AA_AS",59
"ESC_HA5136AA_AS",33068,"ESC_HA5136AA_AS",25
"ESC_HA5149AA_AS",25126,"ESC_HA5149AA_AS",19
"ESC_HA5153AA_AS",24541,"ESC_HA5153AA_AS",19
"ESC_HA5174AA_AS",24764,"ESC_HA5174AA_AS",19
"ESC_HA5557AA_AS",122360,"ESC_HA5557AA_AS",94
"ESC_HA5565AA_AS",120404,"ESC_HA5565AA_AS",93
"ESC_HA5568AA_AS",122668,"ESC_HA5568AA_AS",94
"ESC_HA5570AA_AS",50171,"ESC_HA5570AA_AS",39
"ESC_HA5572AA_AS",122218,"ESC_HA5572AA_AS",94
"ESC_HA5579AA_AS",122747,"ESC_HA5579AA_AS",94
"ESC_HA5580AA_AS",122747,"ESC_HA5580AA_AS",94
"ESC_HA5591AA_AS",79022,"ESC_HA5591AA_AS",61
"ESC_HA5615AA_AS",25234,"ESC_HA5615AA_AS",19
"ESC_HA5663AA_AS",25227,"ESC_HA5663AA_AS",19
"ESC_HA5665AA_AS",72040,"ESC_HA5665AA_AS",55
"ESC_HA5683AA_AS",59578,"ESC_HA5683AA_AS",46
"ESC_HA5800AA_AS",14692,"ESC_HA5800AA_AS",11
"ESC_HA6332AA_AS",17534,"ESC_HA6332AA_AS",13
"ESC_HA6342AA_AS",26953,"ESC_HA6342AA_AS",21
"ESC_HA6411AA_AS",17225,"ESC_HA6411AA_AS",13
"ESC_HA6413AA_AS",26953,"ESC_HA6413AA_AS",21
"ESC_HA6418AA_AS",26962,"ESC_HA6418AA_AS",21
"ESC_HA6420AA_AS",17911,"ESC_HA6420AA_AS",14
"ESC_HA7812AA_AS",19322,"ESC_HA7812AA_AS",15
"ESC_HA7918AA_AS",16815,"ESC_HA7918AA_AS",13
"ESC_HA7931AA_AS",22472,"ESC_HA7931AA_AS",17
"ESC_HA8230AA_AS",73292,"ESC_HA8230AA_AS",56
"ESC_HA8271AA_AS",2746,"ESC_HA8271AA_AS",2
"ESC_HA8279AA_AS",62389,"ESC_HA8279AA_AS",48
"ESC_HA8369AA_AS",21545,"ESC_HA8369AA_AS",17
"ESC_HA8540AA_AS",20532,"ESC_HA8540AA_AS",16
"ESC_HA9073AA_AS",15654,"ESC_HA9073AA_AS",12
"ESC_HB0486AA_AS",61743,"ESC_HB0486AA_AS",47
"ESC_HB8007AA_AS",24839,"ESC_HB8007AA_AS",19
"ESC_HB8577AA_AS",24290,"ESC_HB8577AA_AS",19
"ESC_IA0801AA_AS",76283,"ESC_IA0801AA_AS",59
"ESC_IA0804AA_AS",13161,"ESC_IA0804AA_AS",10
"ESC_IA0811AA_AS",26962,"ESC_IA0811AA_AS",21
"ESC_IA0816AA_AS",77981,"ESC_IA0816AA_AS",60
"ESC_IA1449AA_AS",59062,"ESC_IA1449AA_AS",45
"ESC_IA2216AA_AS",59068,"ESC_IA2216AA_AS",45
"ESC_IA2220AA_AS",25179,"ESC_IA2220AA_AS",19
"ESC_IA2221AA_AS",59554,"ESC_IA2221AA_AS",46
"ESC_IA2225AA_AS",58515,"ESC_IA2225AA_AS",45
"ESC_IA2226AA_AS",58600,"ESC_IA2226AA_AS",45
"ESC_IA2233AA_AS",25218,"ESC_IA2233AA_AS",19
"ESC_IA2239AA_AS",4367,"ESC_IA2239AA_AS",3
"ESC_IA2257AA_AS",24394,"ESC_IA2257AA_AS",19
"ESC_IA2262AA_AS",51463,"ESC_IA2262AA_AS",40
"ESC_IA2264AA_AS",58504,"ESC_IA2264AA_AS",45
"ESC_IA2269AA_AS",30041,"ESC_IA2269AA_AS",23
"ESC_IB6001AA_AS",23710,"ESC_IB6001AA_AS",18
"ESC_IB6595AA_AS",62376,"ESC_IB6595AA_AS",48
"ESC_IB6619AA_AS",24637,"ESC_IB6619AA_AS",19
"ESC_IB6797AA_AS",41820,"ESC_IB6797AA_AS",32
"ESC_IB7362AA_AS",63339,"ESC_IB7362AA_AS",49
"ESC_IB7375AA_AS",23710,"ESC_IB7375AA_AS",18
"ESC_IB7386AA_AS",21855,"ESC_IB7386AA_AS",17
"ESC_IB7413AA_AS",23710,"ESC_IB7413AA_AS",18
"ESC_IB7420AA_AS",119421,"ESC_IB7420AA_AS",92
"ESC_IB7431AA_AS",62975,"ESC_IB7431AA_AS",48
"ESC_IB7433AA_AS",63898,"ESC_IB7433AA_AS",49
"ESC_IB7438AA_AS",108982,"ESC_IB7438AA_AS",84
"ESC_IB7443AA_AS",20432,"ESC_IB7443AA_AS",16
"ESC_IB7449AA_AS",43413,"ESC_IB7449AA_AS",33
"ESC_IB7459AA_AS",58902,"ESC_IB7459AA_AS",45
"ESC_IB7463AA_AS",116920,"ESC_IB7463AA_AS",90
"ESC_IB7465AA_AS",24354,"ESC_IB7465AA_AS",19
"ESC_IB7469AA_AS",52603,"ESC_IB7469AA_AS",40
"ESC_IB7473AA_AS",60547,"ESC_IB7473AA_AS",47
"ESC_IB7486AA_AS",56832,"ESC_IB7486AA_AS",44
"ESC_IB7490AA_AS",86601,"ESC_IB7490AA_AS",67
"ESC_IB7499AA_AS",121307,"ESC_IB7499AA_AS",93
"ESC_IB7516AA_AS",22754,"ESC_IB7516AA_AS",18
"ESC_IB7517AA_AS",59798,"ESC_IB7517AA_AS",46
"ESC_IB7519AA_AS",57048,"ESC_IB7519AA_AS",44
"ESC_IB7523AA_AS",61099,"ESC_IB7523AA_AS",47
"ESC_IB7528AA_AS",57029,"ESC_IB7528AA_AS",44
"ESC_IB7529AA_AS",21735,"ESC_IB7529AA_AS",17
"ESC_IB7531AA_AS",58428,"ESC_IB7531AA_AS",45
"ESC_IB7532AA_AS",61639,"ESC_IB7532AA_AS",47
"ESC_IB7542AA_AS",60207,"ESC_IB7542AA_AS",46
"ESC_IB7548AA_AS",62180,"ESC_IB7548AA_AS",48
"ESC_IB7561AA_AS",20145,"ESC_IB7561AA_AS",15
"ESC_IB7571AA_AS",16352,"ESC_IB7571AA_AS",13
"ESC_IB7572AA_AS",61884,"ESC_IB7572AA_AS",48
"ESC_IB7574AA_AS",58644,"ESC_IB7574AA_AS",45
"ESC_IB7576AA_AS",118785,"ESC_IB7576AA_AS",91
"ESC_IB7582AA_AS",56832,"ESC_IB7582AA_AS",44
"ESC_IB7591AA_AS",56461,"ESC_IB7591AA_AS",43
"ESC_IB7597AA_AS",52072,"ESC_IB7597AA_AS",40
"ESC_IB7604AA_AS",56832,"ESC_IB7604AA_AS",44
"ESC_IB7609AA_AS",58835,"ESC_IB7609AA_AS",45
"ESC_IB7611AA_AS",57010,"ESC_IB7611AA_AS",44
"ESC_IB7615AA_AS",58644,"ESC_IB7615AA_AS",45
"ESC_IB7625AA_AS",13159,"ESC_IB7625AA_AS",10
"ESC_IB7630AA_AS",61743,"ESC_IB7630AA_AS",47
"ESC_IB7632AA_AS",118880,"ESC_IB7632AA_AS",91
"ESC_IB7635AA_AS",57048,"ESC_IB7635AA_AS",44
"ESC_IB7639AA_AS",24624,"ESC_IB7639AA_AS",19
"ESC_IB7649AA_AS",52871,"ESC_IB7649AA_AS",41
"ESC_IB7656AA_AS",62059,"ESC_IB7656AA_AS",48
"ESC_IB7668AA_AS",57997,"ESC_IB7668AA_AS",45
"ESC_IB7669AA_AS",56660,"ESC_IB7669AA_AS",44
"ESC_IB7673AA_AS",120333,"ESC_IB7673AA_AS",93
"ESC_IB7676AA_AS",61564,"ESC_IB7676AA_AS",47
"ESC_IB7682AA_AS",58274,"ESC_IB7682AA_AS",45
"ESC_IB7683AA_AS",795,"ESC_IB7683AA_AS",1
"ESC_IB7686AA_AS",62432,"ESC_IB7686AA_AS",48
"ESC_IB7693AA_AS",100424,"ESC_IB7693AA_AS",77
"ESC_IB7708AA_AS",58245,"ESC_IB7708AA_AS",45
"ESC_IB7712AA_AS",18146,"ESC_IB7712AA_AS",14
"ESC_IB7713AA_AS",62450,"ESC_IB7713AA_AS",48
"ESC_IB7718AA_AS",101726,"ESC_IB7718AA_AS",78
"ESC_IB7720AA_AS",118887,"ESC_IB7720AA_AS",91
"ESC_IB7723AA_AS",18899,"ESC_IB7723AA_AS",15
"ESC_IB7726AA_AS",15360,"ESC_IB7726AA_AS",12
"ESC_IB7731AA_AS",62477,"ESC_IB7731AA_AS",48
"ESC_IB7732AA_AS",24017,"ESC_IB7732AA_AS",18
"ESC_IB7738AA_AS",58517,"ESC_IB7738AA_AS",45
"ESC_IB7742AA_AS",58456,"ESC_IB7742AA_AS",45
"ESC_IB7745AA_AS",24649,"ESC_IB7745AA_AS",19
"ESC_IB8255AA_AS",58417,"ESC_IB8255AA_AS",45
"ESC_IB8355AA_AS",120356,"ESC_IB8355AA_AS",93
"ESC_IB9074AA_AS",13834,"ESC_IB9074AA_AS",11
"ESC_JA3774AA_AS",19776,"ESC_JA3774AA_AS",15
"ESC_JA3853AA_AS",42596,"ESC_JA3853AA_AS",33
"ESC_JA3948AA_AS",17117,"ESC_JA3948AA_AS",13
"ESC_JA4010AA_AS",24541,"ESC_JA4010AA_AS",19
"ESC_JA4488AA_AS",19776,"ESC_JA4488AA_AS",15
"ESC_JA4566AA_AS",42789,"ESC_JA4566AA_AS",33
"ESC_JA4581AA_AS",23702,"ESC_JA4581AA_AS",18
"ESC_JA4609AA_AS",21691,"ESC_JA4609AA_AS",17
"ESC_JA4751AA_AS",23037,"ESC_JA4751AA_AS",18
"ESC_JA4785AA_AS",24649,"ESC_JA4785AA_AS",19
"ESC_JA5133AA_AS",16322,"ESC_JA5133AA_AS",13
"ESC_JA7639AA_AS",17117,"ESC_JA7639AA_AS",13
"ESC_JA8124AA_AS",23863,"ESC_JA8124AA_AS",18
"ESC_JA8284AA_AS",14637,"ESC_JA8284AA_AS",11
"ESC_JA8368AA_AS",27152,"ESC_JA8368AA_AS",21
"ESC_JA9326AA_AS",4482,"ESC_JA9326AA_AS",3
"ESC_JA9945AA_AS",21345,"ESC_JA9945AA_AS",16
"ESC_JB5829AA_AS",58428,"ESC_JB5829AA_AS",45
"ESC_JB8253AA_AS",15189,"ESC_JB8253AA_AS",12
"ESC_JB8357AA_AS",44290,"ESC_JB8357AA_AS",34
"ESC_JB8358AA_AS",24536,"ESC_JB8358AA_AS",19
"ESC_JB8359AA_AS",17684,"ESC_JB8359AA_AS",14
"ESC_JB9522AA_AS",16222,"ESC_JB9522AA_AS",12
"ESC_JB9585AA_AS",25401,"ESC_JB9585AA_AS",20
"ESC_KA0604AA_AS",28449,"ESC_KA0604AA_AS",22
"ESC_KA0652AA_AS",4972,"ESC_KA0652AA_AS",4
"ESC_KA0889AA_AS",60445,"ESC_KA0889AA_AS",46
"ESC_KA1451AA_AS",23812,"ESC_KA1451AA_AS",18
"ESC_KA1594AA_AS",14876,"ESC_KA1594AA_AS",11
"ESC_KA3859AA_AS",31977,"ESC_KA3859AA_AS",25
"ESC_KA4244AA_AS",22696,"ESC_KA4244AA_AS",17
"ESC_KA4597AA_AS",17124,"ESC_KA4597AA_AS",13
"ESC_KA4607AA_AS",24183,"ESC_KA4607AA_AS",19
"ESC_KA6867AA_AS",25382,"ESC_KA6867AA_AS",20
"ESC_KA9265AA_AS",19631,"ESC_KA9265AA_AS",15
"ESC_KA9267AA_AS",17306,"ESC_KA9267AA_AS",13
"ESC_KA9324AA_AS",17385,"ESC_KA9324AA_AS",13
"ESC_KA9597AA_AS",19631,"ESC_KA9597AA_AS",15
"ESC_KA9598AA_AS",22921,"ESC_KA9598AA_AS",18
"ESC_KB3273AA_AS",21601,"ESC_KB3273AA_AS",17
"ESC_KB3274AA_AS",21492,"ESC_KB3274AA_AS",17
"ESC_KB3275AA_AS",21596,"ESC_KB3275AA_AS",17
"ESC_KB3276AA_AS",21601,"ESC_KB3276AA_AS",17
"ESC_KB3279AA_AS",21492,"ESC_KB3279AA_AS",17
"ESC_KB3281AA_AS",18455,"ESC_KB3281AA_AS",14
"ESC_KB3352AA_AS",17914,"ESC_KB3352AA_AS",14
"ESC_KB3369AA_AS",21601,"ESC_KB3369AA_AS",17
"ESC_KB3395AA_AS",15083,"ESC_KB3395AA_AS",12
"ESC_KB3408AA_AS",21601,"ESC_KB3408AA_AS",17
"ESC_KB3427AA_AS",21601,"ESC_KB3427AA_AS",17
"ESC_KB3428AA_AS",21602,"ESC_KB3428AA_AS",17
"ESC_KB3527AA_AS",20755,"ESC_KB3527AA_AS",16
"ESC_KB3783AA_AS",38908,"ESC_KB3783AA_AS",30
"ESC_KB3935AA_AS",24306,"ESC_KB3935AA_AS",19
"ESC_KB3958AA_AS",24423,"ESC_KB3958AA_AS",19
"ESC_KB3963AA_AS",18009,"ESC_KB3963AA_AS",14
"ESC_KB3965AA_AS",17703,"ESC_KB3965AA_AS",14
"ESC_KB3979AA_AS",24739,"ESC_KB3979AA_AS",19
"ESC_KB3986AA_AS",17731,"ESC_KB3986AA_AS",14
"ESC_KB4003AA_AS",21363,"ESC_KB4003AA_AS",16
"ESC_KB4030AA_AS",24517,"ESC_KB4030AA_AS",19
"ESC_KB4123AA_AS",20992,"ESC_KB4123AA_AS",16
"ESC_KB4146AA_AS",22472,"ESC_KB4146AA_AS",17
"ESC_KB4162AA_AS",18027,"ESC_KB4162AA_AS",14
"ESC_KB4192AA_AS",38724,"ESC_KB4192AA_AS",30
"ESC_KB4202AA_AS",50807,"ESC_KB4202AA_AS",39
"ESC_KB4692AA_AS",18012,"ESC_KB4692AA_AS",14
"ESC_KB9700AA_AS",21653,"ESC_KB9700AA_AS",17
"ESC_KB9703AA_AS",24183,"ESC_KB9703AA_AS",19
"ESC_KB9714AA_AS",21492,"ESC_KB9714AA_AS",17
"ESC_KB9715AA_AS",20270,"ESC_KB9715AA_AS",16
"ESC_KB9716AA_AS",21492,"ESC_KB9716AA_AS",17
"ESC_KB9720AA_AS",21492,"ESC_KB9720AA_AS",17
"ESC_KB9721AA_AS",20270,"ESC_KB9721AA_AS",16
"ESC_KB9722AA_AS",20431,"ESC_KB9722AA_AS",16
"ESC_KB9725AA_AS",27810,"ESC_KB9725AA_AS",21
"ESC_KB9726AA_AS",23944,"ESC_KB9726AA_AS",18
"ESC_KB9729AA_AS",30560,"ESC_KB9729AA_AS",24
"ESC_KB9732AA_AS",23944,"ESC_KB9732AA_AS",18
"ESC_KB9734AA_AS",23944,"ESC_KB9734AA_AS",18
"ESC_KB9735AA_AS",21492,"ESC_KB9735AA_AS",17
"ESC_KB9751AA_AS",21492,"ESC_KB9751AA_AS",17
"ESC_KB9762AA_AS",18127,"ESC_KB9762AA_AS",14
"ESC_KB9767AA_AS",18127,"ESC_KB9767AA_AS",14
"ESC_KB9768AA_AS",18127,"ESC_KB9768AA_AS",14
"ESC_LA4536AA_AS",59941,"ESC_LA4536AA_AS",46
"ESC_LA4539AA_AS",117182,"ESC_LA4539AA_AS",90
"ESC_LA4540AA_AS",16570,"ESC_LA4540AA_AS",13
"ESC_LA5735AA_AS",58518,"ESC_LA5735AA_AS",45
"ESC_LA5763AA_AS",795,"ESC_LA5763AA_AS",1
"ESC_LA5874AA_AS",12134,"ESC_LA5874AA_AS",9
"ESC_LA5890AA_AS",120404,"ESC_LA5890AA_AS",93
"ESC_LB0076AA_AS",25116,"ESC_LB0076AA_AS",19
"ESC_LB0314AA_AS",20438,"ESC_LB0314AA_AS",16
"ESC_LB0394AA_AS",58902,"ESC_LB0394AA_AS",45
"ESC_LB0440AA_AS",25124,"ESC_LB0440AA_AS",19
"ESC_LB0692AA_AS",58902,"ESC_LB0692AA_AS",45
"ESC_LB2789AA_AS",58902,"ESC_LB2789AA_AS",45
"ESC_LB6010AA_AS",120728,"ESC_LB6010AA_AS",93
"ESC_NA3970AA_AS",12237,"ESC_NA3970AA_AS",9
"ESC_NA3971AA_AS",16502,"ESC_NA3971AA_AS",13
"ESC_NA3972AA_AS",111718,"ESC_NA3972AA_AS",86
"ESC_NA3973AA_AS",22667,"ESC_NA3973AA_AS",17
"ESC_NA3974AA_AS",17225,"ESC_NA3974AA_AS",13
"ESC_NA3975AA_AS",20636,"ESC_NA3975AA_AS",16
"ESC_NA3976AA_AS",115277,"ESC_NA3976AA_AS",89
"ESC_NA3979AA_AS",112039,"ESC_NA3979AA_AS",86
"ESC_NA3980AA_AS",22514,"ESC_NA3980AA_AS",17
"ESC_NA3982AA_AS",17225,"ESC_NA3982AA_AS",13
"ESC_NA3983AA_AS",41867,"ESC_NA3983AA_AS",32
"ESC_NA3984AA_AS",13987,"ESC_NA3984AA_AS",11
"ESC_NA3985AA_AS",97741,"ESC_NA3985AA_AS",75
"ESC_NA3987AA_AS",21981,"ESC_NA3987AA_AS",17
"ESC_NA3988AA_AS",14585,"ESC_NA3988AA_AS",11
"ESC_NA3989AA_AS",21923,"ESC_NA3989AA_AS",17
"ESC_NA3990AA_AS",18594,"ESC_NA3990AA_AS",14
"ESC_NA3991AA_AS",13995,"ESC_NA3991AA_AS",11
"ESC_NA3992AA_AS",17225,"ESC_NA3992AA_AS",13
"ESC_NA3993AA_AS",22389,"ESC_NA3993AA_AS",17
"ESC_NA3994AA_AS",115800,"ESC_NA3994AA_AS",89
"ESC_NA3995AA_AS",41071,"ESC_NA3995AA_AS",32
"ESC_NA3996AA_AS",115060,"ESC_NA3996AA_AS",89
"ESC_NA3997AA_AS",39041,"ESC_NA3997AA_AS",30
"ESC_NA3999AA_AS",18463,"ESC_NA3999AA_AS",14
"ESC_NA4000AA_AS",17774,"ESC_NA4000AA_AS",14
"ESC_NA4001AA_AS",17166,"ESC_NA4001AA_AS",13
"ESC_NA4002AA_AS",23944,"ESC_NA4002AA_AS",18
"ESC_NA4003AA_AS",17225,"ESC_NA4003AA_AS",13
"ESC_NA4004AA_AS",23397,"ESC_NA4004AA_AS",18
"ESC_NA4005AA_AS",23183,"ESC_NA4005AA_AS",18
"ESC_NA4006AA_AS",2070,"ESC_NA4006AA_AS",2
"ESC_NA4008AA_AS",2865,"ESC_NA4008AA_AS",2
"ESC_NA4009AA_AS",2913,"ESC_NA4009AA_AS",2
"ESC_NA4010AA_AS",58011,"ESC_NA4010AA_AS",45
"ESC_NA4012AA_AS",56832,"ESC_NA4012AA_AS",44
"ESC_NA4013AA_AS",24358,"ESC_NA4013AA_AS",19
"ESC_NA4015AA_AS",16076,"ESC_NA4015AA_AS",12
"ESC_NA4016AA_AS",118782,"ESC_NA4016AA_AS",91
"ESC_NA4018AA_AS",57912,"ESC_NA4018AA_AS",45
"ESC_NA4019AA_AS",24414,"ESC_NA4019AA_AS",19
"ESC_NA4020AA_AS",116604,"ESC_NA4020AA_AS",90
"ESC_NA4021AA_AS",12134,"ESC_NA4021AA_AS",9
"ESC_NA4022AA_AS",118796,"ESC_NA4022AA_AS",91
"ESC_NA4023AA_AS",56832,"ESC_NA4023AA_AS",44
"ESC_NA4024AA_AS",24764,"ESC_NA4024AA_AS",19
"ESC_NA4025AA_AS",11729,"ESC_NA4025AA_AS",9
"ESC_NA4026AA_AS",118800,"ESC_NA4026AA_AS",91
"ESC_NA4027AA_AS",59578,"ESC_NA4027AA_AS",46
"ESC_NA4028AA_AS",22389,"ESC_NA4028AA_AS",17
"ESC_NA4029AA_AS",57294,"ESC_NA4029AA_AS",44
"ESC_NA4030AA_AS",22389,"ESC_NA4030AA_AS",17
"ESC_NA4031AA_AS",118465,"ESC_NA4031AA_AS",91
"ESC_NA4032AA_AS",15168,"ESC_NA4032AA_AS",12
"ESC_NA4033AA_AS",115675,"ESC_NA4033AA_AS",89
"ESC_NA4034AA_AS",118043,"ESC_NA4034AA_AS",91
"ESC_NA4035AA_AS",17168,"ESC_NA4035AA_AS",13
"ESC_NA4036AA_AS",24863,"ESC_NA4036AA_AS",19
"ESC_NA4037AA_AS",24738,"ESC_NA4037AA_AS",19
"ESC_NA4038AA_AS",58428,"ESC_NA4038AA_AS",45
"ESC_NA4040AA_AS",59526,"ESC_NA4040AA_AS",46
"ESC_NA4043AA_AS",42776,"ESC_NA4043AA_AS",33
"ESC_NA4044AA_AS",24739,"ESC_NA4044AA_AS",19
"ESC_NA4045AA_AS",17225,"ESC_NA4045AA_AS",13
"ESC_NA4046AA_AS",4691,"ESC_NA4046AA_AS",4
"ESC_NA4048AA_AS",16854,"ESC_NA4048AA_AS",13
"ESC_NA4049AA_AS",21929,"ESC_NA4049AA_AS",17
"ESC_NA4051AA_AS",60189,"ESC_NA4051AA_AS",46
"ESC_NA4052AA_AS",22157,"ESC_NA4052AA_AS",17
"ESC_NA4053AA_AS",19034,"ESC_NA4053AA_AS",15
"ESC_NA4054AA_AS",114930,"ESC_NA4054AA_AS",88
"ESC_NA4055AA_AS",20586,"ESC_NA4055AA_AS",16
"ESC_NA4056AA_AS",17225,"ESC_NA4056AA_AS",13
"ESC_NA4057AA_AS",25833,"ESC_NA4057AA_AS",20
"ESC_NA4058AA_AS",16538,"ESC_NA4058AA_AS",13
"ESC_NA4059AA_AS",22908,"ESC_NA4059AA_AS",18
"ESC_NA4060AA_AS",37936,"ESC_NA4060AA_AS",29
"ESC_NA4061AA_AS",10297,"ESC_NA4061AA_AS",8
"ESC_NA4062AA_AS",58605,"ESC_NA4062AA_AS",45
"ESC_NA4063AA_AS",17225,"ESC_NA4063AA_AS",13
"ESC_NA4064AA_AS",54236,"ESC_NA4064AA_AS",42
"ESC_NA4065AA_AS",59259,"ESC_NA4065AA_AS",46
"ESC_NA4066AA_AS",16087,"ESC_NA4066AA_AS",12
"ESC_NA4067AA_AS",17225,"ESC_NA4067AA_AS",13
"ESC_NA4068AA_AS",17225,"ESC_NA4068AA_AS",13
"ESC_NA4069AA_AS",17225,"ESC_NA4069AA_AS",13
"ESC_NA4070AA_AS",17225,"ESC_NA4070AA_AS",13
"ESC_NA4071AA_AS",17071,"ESC_NA4071AA_AS",13
"ESC_NA4072AA_AS",17225,"ESC_NA4072AA_AS",13
"ESC_PA1111AA_AS",59517,"ESC_PA1111AA_AS",46
"ESC_PA1355AA_AS",59578,"ESC_PA1355AA_AS",46
"ESC_PA1356AA_AS",64518,"ESC_PA1356AA_AS",50
"ESC_PA7839AA_AS",36205,"ESC_PA7839AA_AS",28
"ESC_QA2182AA_AS",101191,"ESC_QA2182AA_AS",78
"ESC_QA2890AA_AS",17292,"ESC_QA2890AA_AS",13
"ESC_QA3565AA_AS",13918,"ESC_QA3565AA_AS",11
"ESC_QA3671AA_AS",27078,"ESC_QA3671AA_AS",21
"ESC_QA3675AA_AS",11716,"ESC_QA3675AA_AS",9
"ESC_QA3677AA_AS",8039,"ESC_QA3677AA_AS",6
"ESC_QA5163AA_AS",75751,"ESC_QA5163AA_AS",58
"ESC_QA5188AA_AS",35710,"ESC_QA5188AA_AS",27
"ESC_QA5199AA_AS",56650,"ESC_QA5199AA_AS",44
"ESC_QA5208AA_AS",56414,"ESC_QA5208AA_AS",43
"ESC_QA5378AA_AS",60374,"ESC_QA5378AA_AS",46
"ESC_QA5479AA_AS",56831,"ESC_QA5479AA_AS",44
"ESC_QA5498AA_AS",121507,"ESC_QA5498AA_AS",93
"ESC_QA5539AA_AS",113996,"ESC_QA5539AA_AS",88
"ESC_QA5645AA_AS",16252,"ESC_QA5645AA_AS",13
"ESC_QA5905AA_AS",47163,"ESC_QA5905AA_AS",36
"ESC_QA5908AA_AS",92890,"ESC_QA5908AA_AS",71
"ESC_QA5919AA_AS",15459,"ESC_QA5919AA_AS",12
"ESC_QA6460AA_AS",122011,"ESC_QA6460AA_AS",94
"ESC_QA6616AA_AS",119213,"ESC_QA6616AA_AS",92
"ESC_QA6930AA_AS",67942,"ESC_QA6930AA_AS",52
"ESC_QA7345AA_AS",59181,"ESC_QA7345AA_AS",46
"ESC_QA7385AA_AS",118064,"ESC_QA7385AA_AS",91
"ESC_QA7392AA_AS",56832,"ESC_QA7392AA_AS",44
"ESC_QA7436AA_AS",59627,"ESC_QA7436AA_AS",46
"ESC_QA7440AA_AS",56832,"ESC_QA7440AA_AS",44
"ESC_QA7446AA_AS",24111,"ESC_QA7446AA_AS",19
"ESC_QA7591AA_AS",21173,"ESC_QA7591AA_AS",16
"ESC_QA7811AA_AS",121284,"ESC_QA7811AA_AS",93
"ESC_QA7860AA_AS",17869,"ESC_QA7860AA_AS",14
"ESC_QA7877AA_AS",61520,"ESC_QA7877AA_AS",47
"ESC_QA7878AA_AS",57118,"ESC_QA7878AA_AS",44
"ESC_QA7942AA_AS",19288,"ESC_QA7942AA_AS",15
"ESC_QA7947AA_AS",119918,"ESC_QA7947AA_AS",92
"ESC_QA7981AA_AS",124165,"ESC_QA7981AA_AS",96
"ESC_QA8120AA_AS",74572,"ESC_QA8120AA_AS",57
"ESC_QA8121AA_AS",32784,"ESC_QA8121AA_AS",25
"ESC_QA8168AA_AS",54553,"ESC_QA8168AA_AS",42
"ESC_QA8186AA_AS",59299,"ESC_QA8186AA_AS",46
"ESC_QA8859AA_AS",56510,"ESC_QA8859AA_AS",43
"ESC_QA8947AA_AS",122109,"ESC_QA8947AA_AS",94
"ESC_QA8948AA_AS",67552,"ESC_QA8948AA_AS",52
"ESC_QA8950AA_AS",29190,"ESC_QA8950AA_AS",22
"ESC_QA8963AA_AS",16611,"ESC_QA8963AA_AS",13
"ESC_QA9416AA_AS",65605,"ESC_QA9416AA_AS",50
"ESC_QA9654AA_AS",21745,"ESC_QA9654AA_AS",17
"ESC_RA0152AA_AS",73073,"ESC_RA0152AA_AS",56
"ESC_RA4044AA_AS",18275,"ESC_RA4044AA_AS",14
"ESC_RA4047AA_AS",23341,"ESC_RA4047AA_AS",18
"ESC_RA4048AA_AS",24370,"ESC_RA4048AA_AS",19
"ESC_RA4050AA_AS",14899,"ESC_RA4050AA_AS",11
"ESC_RA4068AA_AS",14899,"ESC_RA4068AA_AS",11
"ESC_RA4278AA_AS",27227,"ESC_RA4278AA_AS",21
"ESC_RA4281AA_AS",27227,"ESC_RA4281AA_AS",21
"ESC_RA4508AA_AS",5651,"ESC_RA4508AA_AS",4
"ESC_RA7116AA_AS",12134,"ESC_RA7116AA_AS",9
"ESC_SA0482AA_AS",19016,"ESC_SA0482AA_AS",15
"ESC_SA0489AA_AS",12045,"ESC_SA0489AA_AS",9
"ESC_SA2297AA_AS",30239,"ESC_SA2297AA_AS",23
"ESC_SA2410AA_AS",3633,"ESC_SA2410AA_AS",3
"ESC_SA2728AA_AS",60027,"ESC_SA2728AA_AS",46
"ESC_SA2788AA_AS",24541,"ESC_SA2788AA_AS",19
"ESC_SA3661AA_AS",27227,"ESC_SA3661AA_AS",21
"ESC_SA4839AA_AS",24183,"ESC_SA4839AA_AS",19
"ESC_SA5048AA_AS",3710,"ESC_SA5048AA_AS",3
"ESC_SA6572AA_AS",56357,"ESC_SA6572AA_AS",43
"ESC_SA8243AA_AS",23622,"ESC_SA8243AA_AS",18
"ESC_SA8250AA_AS",20572,"ESC_SA8250AA_AS",16
"ESC_SA8273AA_AS",29061,"ESC_SA8273AA_AS",22
"ESC_SA8291AA_AS",17225,"ESC_SA8291AA_AS",13
"ESC_SA8296AA_AS",23331,"ESC_SA8296AA_AS",18
"ESC_SA8301AA_AS",25178,"ESC_SA8301AA_AS",19
"ESC_SA8312AA_AS",18751,"ESC_SA8312AA_AS",14
"ESC_TA2365AA_AS",50772,"ESC_TA2365AA_AS",39
"ESC_TA2436AA_AS",29477,"ESC_TA2436AA_AS",23
"ESC_TA2839AA_AS",23944,"ESC_TA2839AA_AS",18
"ESC_TA7147AA_AS",35779,"ESC_TA7147AA_AS",28
"ESC_TA7169AA_AS",18351,"ESC_TA7169AA_AS",14
"ESC_TA8195AA_AS",22233,"ESC_TA8195AA_AS",17
"ESC_TA8466AA_AS",59402,"ESC_TA8466AA_AS",46
"ESC_TA8684AA_AS",23557,"ESC_TA8684AA_AS",18
"ESC_TA8693AA_AS",62738,"ESC_TA8693AA_AS",48
"ESC_TA8694AA_AS",19710,"ESC_TA8694AA_AS",15
"ESC_TA8695AA_AS",58599,"ESC_TA8695AA_AS",45
"ESC_TA8696AA_AS",58695,"ESC_TA8696AA_AS",45
"ESC_TA8698AA_AS",58002,"ESC_TA8698AA_AS",45
"ESC_TA8700AA_AS",58510,"ESC_TA8700AA_AS",45
"ESC_TA8706AA_AS",58421,"ESC_TA8706AA_AS",45
"ESC_TA8708AA_AS",94302,"ESC_TA8708AA_AS",73
"ESC_TA8713AA_AS",58902,"ESC_TA8713AA_AS",45
"ESC_TA8716AA_AS",58902,"ESC_TA8716AA_AS",45
"ESC_TA8717AA_AS",58726,"ESC_TA8717AA_AS",45
"ESC_TA8724AA_AS",120690,"ESC_TA8724AA_AS",93
"ESC_TA8730AA_AS",58902,"ESC_TA8730AA_AS",45
"ESC_TA8731AA_AS",56171,"ESC_TA8731AA_AS",43
"ESC_TA8792AA_AS",58125,"ESC_TA8792AA_AS",45
"ESC_TA8927AA_AS",23944,"ESC_TA8927AA_AS",18
"ESC_TA9938AA_AS",40130,"ESC_TA9938AA_AS",31
"ESC_UA1505AA_AS",25571,"ESC_UA1505AA_AS",20
"ESC_UA1831AA_AS",18181,"ESC_UA1831AA_AS",14
"ESC_VA0598AA_AS",18674,"ESC_VA0598AA_AS",14
"ESC_VA1064AA_AS",16322,"ESC_VA1064AA_AS",13
"ESC_VA3679AA_AS",27279,"ESC_VA3679AA_AS",21
"ESC_VA4677AA_AS",23639,"ESC_VA4677AA_AS",18
"ESC_VA5393AA_AS",13610,"ESC_VA5393AA_AS",10
"ESC_VA7372AA_AS",13276,"ESC_VA7372AA_AS",10
"ESC_WA0219AA_AS",58104,"ESC_WA0219AA_AS",45
"ESC_WA0222AA_AS",61884,"ESC_WA0222AA_AS",48
"ESC_WA1915AA_AS",22826,"ESC_WA1915AA_AS",18
"ESC_WA2637AA_AS",19420,"ESC_WA2637AA_AS",15
"ESC_WA2654AA_AS",21745,"ESC_WA2654AA_AS",17
"ESC_WA2657AA_AS",21745,"ESC_WA2657AA_AS",17
"ESC_WA2664AA_AS",21745,"ESC_WA2664AA_AS",17
"ESC_WA2673AA_AS",23944,"ESC_WA2673AA_AS",18
"ESC_WA6850AA_AS",61769,"ESC_WA6850AA_AS",48
"ESC_WA6851AA_AS",56756,"ESC_WA6851AA_AS",44
"ESC_WA6852AA_AS",2838,"ESC_WA6852AA_AS",2
"ESC_WA6853AA_AS",94877,"ESC_WA6853AA_AS",73
"ESC_WA6854AA_AS",118683,"ESC_WA6854AA_AS",91
"ESC_WA6855AA_AS",121733,"ESC_WA6855AA_AS",94
"ESC_WA6856AA_AS",56748,"ESC_WA6856AA_AS",44
"ESC_WA6857AA_AS",59664,"ESC_WA6857AA_AS",46
"ESC_WA6859AA_AS",24340,"ESC_WA6859AA_AS",19
"ESC_WA6860AA_AS",57225,"ESC_WA6860AA_AS",44
"ESC_WA6886AA_AS",26126,"ESC_WA6886AA_AS",20
"ESC_WA6887AA_AS",60823,"ESC_WA6887AA_AS",47
"ESC_WA6888AA_AS",95617,"ESC_WA6888AA_AS",74
"ESC_WA6922AA_AS",25299,"ESC_WA6922AA_AS",19
"ESC_WA6923AA_AS",4373,"ESC_WA6923AA_AS",3
"ESC_WA6924AA_AS",61775,"ESC_WA6924AA_AS",48
"ESC_WA6925AA_AS",59216,"ESC_WA6925AA_AS",46
"ESC_WA6926AA_AS",28650,"ESC_WA6926AA_AS",22
"ESC_WA6927AA_AS",61741,"ESC_WA6927AA_AS",47
"ESC_WA6928AA_AS",62291,"ESC_WA6928AA_AS",48
"ESC_WA6929AA_AS",61873,"ESC_WA6929AA_AS",48
"ESC_WA6932AA_AS",24400,"ESC_WA6932AA_AS",19
"ESC_WA6933AA_AS",51067,"ESC_WA6933AA_AS",39
"ESC_WA6970AA_AS",59912,"ESC_WA6970AA_AS",46
"ESC_WA6971AA_AS",123105,"ESC_WA6971AA_AS",95
"ESC_WA6972AA_AS",34994,"ESC_WA6972AA_AS",27
"ESC_WA6975AA_AS",61896,"ESC_WA6975AA_AS",48
"ESC_WA6976AA_AS",1911,"ESC_WA6976AA_AS",1
"ESC_WA6977AA_AS",25222,"ESC_WA6977AA_AS",19
"ESC_WA6979AA_AS",57848,"ESC_WA6979AA_AS",44
"ESC_WA9611AA_AS",18024,"ESC_WA9611AA_AS",14
"ESC_WA9986AA_AS",21594,"ESC_WA9986AA_AS",17
"ESC_XA0482AA_AS",23718,"ESC_XA0482AA_AS",18
"ESC_XA1004AA_AS",57320,"ESC_XA1004AA_AS",44
"ESC_XA1018AA_AS",62702,"ESC_XA1018AA_AS",48
"ESC_XA1050AA_AS",23933,"ESC_XA1050AA_AS",18
"ESC_XA1055AA_AS",24863,"ESC_XA1055AA_AS",19
"ESC_XA1066AA_AS",61705,"ESC_XA1066AA_AS",47
"ESC_XA1076AA_AS",62303,"ESC_XA1076AA_AS",48
"ESC_XA1079AA_AS",66412,"ESC_XA1079AA_AS",51
"ESC_XA1089AA_AS",58583,"ESC_XA1089AA_AS",45
"ESC_XA1108AA_AS",58599,"ESC_XA1108AA_AS",45
"ESC_XA1114AA_AS",29612,"ESC_XA1114AA_AS",23
"ESC_XA1115AA_AS",4504,"ESC_XA1115AA_AS",3
"ESC_XA1126AA_AS",24739,"ESC_XA1126AA_AS",19
"ESC_XA1127AA_AS",86184,"ESC_XA1127AA_AS",66
"ESC_XA1135AA_AS",23854,"ESC_XA1135AA_AS",18
"ESC_XA1141AA_AS",14873,"ESC_XA1141AA_AS",11
"ESC_XA1146AA_AS",47182,"ESC_XA1146AA_AS",36
"ESC_XA1150AA_AS",58894,"ESC_XA1150AA_AS",45
"ESC_XA1159AA_AS",22357,"ESC_XA1159AA_AS",17
"ESC_XA1162AA_AS",58571,"ESC_XA1162AA_AS",45
"ESC_XA1186AA_AS",59938,"ESC_XA1186AA_AS",46
"ESC_XA1205AA_AS",58902,"ESC_XA1205AA_AS",45
"ESC_XA1222AA_AS",23766,"ESC_XA1222AA_AS",18
"ESC_XA1223AA_AS",58902,"ESC_XA1223AA_AS",45
"ESC_XA1224AA_AS",58750,"ESC_XA1224AA_AS",45
"ESC_XA1239AA_AS",58622,"ESC_XA1239AA_AS",45
"ESC_XA1243AA_AS",58902,"ESC_XA1243AA_AS",45
"ESC_XA1246AA_AS",61831,"ESC_XA1246AA_AS",48
"ESC_XA1253AA_AS",56271,"ESC_XA1253AA_AS",43
"ESC_XA1273AA_AS",23854,"ESC_XA1273AA_AS",18
"ESC_XA1274AA_AS",58902,"ESC_XA1274AA_AS",45
"ESC_XA1293AA_AS",58595,"ESC_XA1293AA_AS",45
"ESC_XA1294AA_AS",58890,"ESC_XA1294AA_AS",45
"ESC_XA1311AA_AS",24287,"ESC_XA1311AA_AS",19
"ESC_XA1313AA_AS",69557,"ESC_XA1313AA_AS",54
"ESC_XA1321AA_AS",61358,"ESC_XA1321AA_AS",47
"ESC_XA1348AA_AS",19101,"ESC_XA1348AA_AS",15
"ESC_XA1350AA_AS",27635,"ESC_XA1350AA_AS",21
"ESC_XA1359AA_AS",23854,"ESC_XA1359AA_AS",18
"ESC_XA1360AA_AS",71721,"ESC_XA1360AA_AS",55
"ESC_XA1375AA_AS",59734,"ESC_XA1375AA_AS",46
"ESC_XA1381AA_AS",42551,"ESC_XA1381AA_AS",33
"ESC_XA1384AA_AS",59954,"ESC_XA1384AA_AS",46
"ESC_XA1393AA_AS",15758,"ESC_XA1393AA_AS",12
"ESC_XA1397AA_AS",24254,"ESC_XA1397AA_AS",19
"ESC_XA1403AA_AS",22668,"ESC_XA1403AA_AS",17
"ESC_XA1408AA_AS",23922,"ESC_XA1408AA_AS",18
"ESC_XA4718AA_AS",121622,"ESC_XA4718AA_AS",94
"ESC_XA7358AA_AS",23710,"ESC_XA7358AA_AS",18
"ESC_XA8795AA_AS",58902,"ESC_XA8795AA_AS",45
"ESC_YA6556AA_AS",58418,"ESC_YA6556AA_AS",45
"ESC_ZA6514AA_AS",13177,"ESC_ZA6514AA_AS",10
"ESC_ZA9457AA_AS",12472,"ESC_ZA9457AA_AS",10
